birthday,enrollment,full_name,kana,nickname,prefecture,promotion,sister,team1,team2,note,active,blood_type,height,attributes
19981012,2期,石田優美,いしだ ゆうみ,ゆうみん,兵庫県,20150204,,N,,['チームN副キャプテン'],1,B型,159.0,"{'positive_description': ['趣味は、絵を描く事、雑誌を見る事。', '特技は、ダンス。「本格的に始めて2年ちょっとになります。HIPHOPよりJAZZの方が得意です」。「上手い子もいるけど、ダンスなら負けないです」。「うーん、誰にも負けないまではいかないけど、やっぱりダンスが好き♪\u3000特技にしていい位、もっと頑張ります！」', '好きな（得意な）スポーツは、「最近スポーツしてないですね。バスケットかなぁ。NMB全員でスポーツ大会したいですね！」', '得意な教科は、「最近、数学がとけるようになって面白いかも！って思えて来ました。☆でも、美術かな(笑)」', '好きな食べ物は、パスタ、パイナップル。カニ。手羽先。以前のプロフィールでは、りんご、チキン。', '好きな果物は、パイナップル。イチゴ。', '好きな色は、黄色。', '好きなアニメは、「（クレヨン）しんちゃん、ドラえもん！ちびまる子ちゃん、サザエさん（笑）」', '好きなキャラクターは、コリラックマ。'], 'negative_description': ['嫌いな食べ物は、ピーマン、なすび、キノコ、にんじん、玉ねぎ。ゴーヤ。'], 'other_description': ['性格は、「メンバーからは、ツンデレって言われます」。また、「私けっこう、キレやすいっていうか（笑）、すぐ怒っちゃうタイプなんですよ。ちょっとしたことで『チェッ、なんやねん』って感じになっちゃいますね」', '昔は、泣き虫だった。「私、昔はめっちゃ泣き虫やったんですよ。ちょっと驚かせただけで泣くし、オバケっていう存在がほんまに怖くて、誰かがいないとトイレにも行けないし、お風呂にもいけないし、寝るときもムリです。でも今はそんなことないです。大人になりました（笑）」', '滑舌が悪いことを自認しており、滑舌が悪いことで定評のあるが、Google+において独断で選出した「噛み7」（と掛けている）入りをアピールし、認められて選抜入りした（石田を含め8人となったため、後に「滑舌選抜」と改名。を参照）。', '中学校時代は帰宅部。', '癖は、「最近なおったけど、目をパチパチしちゃう。花粉症かもって言われたけど、原因がわかりません」', '犬を飼っている。名前は「リン」。', '']}"
19930809,ドラフト 1期,磯佳奈江,いそ かなえ,いそちゃん,茨城県,20140125,,N,,['卒業予定（活動終了日未定）'],1,B型,151.5,"{'positive_description': ['趣味は、映画鑑賞、テレビ、カラオケ、アイドル鑑賞。', '特技は、サッカー、携帯の早打ち。\n', '好きな食べ物は、焼肉と苺、乳酸菌飲料、フライドポテト（細いポテトに限る）、もつ鍋、ラーメン、唐揚げ、チョコレート。', '好きな色は、黄色と赤。「でも、なんだかピンクの持ち物が多くなってしまうんですよね。なんでだろう笑」', '好きな服装は、ガーリッシュ系の服。', '好きなキャラクターは、ディズニー系。', '好きなアニメは、「コナンくん！全部の映画見てるぐらい大好きで、ルパンとの映画は最高」', '好きなアーティストは、E-gilrs、ももいろクローバーZ。「結構いろいろなジャンルの方が、好きです」。', '好きな動物は、犬。「家では犬を2匹飼ってます」', 'NMB48の好きな曲は、『太宰治を読んだか?』', '好きな言葉は、「大丈夫」。'], 'negative_description': ['水泳が苦手。'], 'other_description': ['小学生時代は前述の京川と同じサッカーチームでプレー。ポジションはDF（右サイドバック）。現在は競技は引退しており、鹿島アントラーズのファンでもある。', 'による性格評。「こころちゃんに頼りになるって言ってもらえました！でも子供っぽいところもあるって（笑）」', '兄、弟の3人兄弟。兄は地元のサッカークラブ・石岡アセンブルFCのコーチ。その影響もあって男の子っぽい性格。', '右利き。', '視力が悪く、普段はコンタクト、眼鏡を使用している。', '50m走の自己ベストは、7秒3。「もうこんな記録はでないな」', 'やっていた習い事は、サッカー、そろばん、習字、英会話、塾。', '大学では、中国語を履修していた。', 'アルバイト経験が広く、ラーメン店、ステーキハウス、コンビニの接客、デパートの接客をしたことがある。', '得意料理は、オムライス。「でも、卵苦手なんで中身だけ！」', '']}"
19991201,3期,太田夢莉,おおた ゆうり,ゆーり,奈良県,20121010,,N,,,1,AB型,163.0,"{'positive_description': ['長所は、料理ができる。', '趣味は、ケータイ小説、買い物、美味しい物を食べる。アニメを見る事、音楽を聞く事。', '好きなキャラクターは、キティーちゃん、ラフスケッチ。', '特技は、文字の早打ち、遊ぶ予定を立てるときの計画性。料理。「でもねー最近 料理してないから心配」', '得意教科は、「ありませんっ！ しいて言うなら家庭科」「ありません！\u3000でも、授業で好きなのは美術」', '好きな食べ物は、アサイーボウル。いちご、キウイ、わたあめ。', '好きな果物は、イチゴ、マンゴー みかん。キウイ、イチゴ。', '好きな野菜は、とうもろこし、なすび。', '好きな色は、ピンク。「最近、蛍光色も好きです」', '好きなブランドは、INGNI、CHUXXX。', '好きな言葉は、「夢」。', '好きな数字は、12、7。', '好きな男性のタイプは、料理が上手な人。'], 'negative_description': ['苦手な事は、水泳、鉄棒（←今だに前回りできません！）。', '嫌いな食べ物は、グリンピース、レーズン、黒糖。'], 'other_description': ['おすすめのアニメは、『けいおん！』『キルミイベイベー』', '']}"
19941004,4期,大段舞依,おおだん まい,まいち,兵庫県,20150204,大段結愛,N,,,1,A型,155.0,"{'positive_description': ['趣味は、料理。得意料理は、コーンクリームパスタ。', '特技は、おすしをいっぱい食べること。', '好きなスポーツは、「いろいろ得意やから、いろんなスポーツ大好きです！」', '好きな食べ物は、エビ、おすし、パイナップル。クッキー。', '特に、エビに関しては大好きと公言しており、様々なこだわりがある模様。以下、逸話。\n', '「お寿司で生のエビにあう甘ダレ（アナゴなどにつける「つめ」のこと）をつけて食べるのが大好き」とのこと。「甘だれとエビは、この世にないとダメなんです（笑）」', 'また、生エビの方が好みである理由は「甘エビもおいしいんですけど、ちょっと物足りないんですよ。噛んだときにプリッてなる食感がめっちゃ好きで、あれなら20皿くらいは余裕で食べられるぐらい好きなんです！」「普通のゆでたエビは食べてからシッポを取るんですけど、生エビは、先にシッポをとってからお寿司を食べて、あとでちょっと身の残った尻尾のところを食べるのが好きなんです」', '「伊勢海老も好きやけど、やっぱり車も……いや、エビは全部好きです。もう、浮気できないです。（芝エビでもパナメイでも、ブラックタイガーでも？）もう何でも好きです！エビのこと思い出すだけでうれしいです。にやってしちゃいます（笑）」', '好きなキャラクターは、キティちゃん。幼稚園の時から。', '好きなアーティストは、RSP。', '好きな芸能人は、SHELLY、ローラ、木下優樹菜。', '好きな芸人は、チュートリアル、パンサー。', '好きな色は、ピンク。大段の部屋は、カーテン、タンス、カーペット、ベッドに至るまでピンク色のものであふれている。', '好きなサイリウムの色は、ピンクと緑。'], 'negative_description': [], 'other_description': ['入っていた部活は、中学校は「バレー部の先輩と喧嘩しちゃって卓球部 友達と入った！！」、高校は「何にもしてなかったよ♪」', 'NMB48加入前は、居酒屋でアルバイト経験がある。', '']}"
20020518,ドラフト 3期,河野奈々帆,かわの ななほ,ななほ,大阪府,20190301,,N,,,1,A型,162.0,"{'positive_description': ['趣味は、食べること、読書、ダンス、ホラーゲームを見ること、大きな声で歌うこと。', '特技は、ロンダート、早食い、歌舞伎目、ゲーム、ダンス、首回し、けん玉。', '好きな食べ物は、和菓子、マシュマロ、チョコ、オムライス。'], 'negative_description': ['短所は、涙もろい、地声が低い。'], 'other_description': ['長所は、負けず嫌い、責任感が強い。', '将来の夢は、シンガーソングライター。', '']}"
19981217,4期,川上千尋,かわかみ ちひろ,ちっひー,大阪府,20140224,,N,,['チームNキャプテン'],1,A型,154.0,"{'positive_description': ['特技は、フィギュアスケート。\n', '現在は趣味で続けており、Google+の動画投稿で「フライングシットスピン」を披露。フォロワー数が一気に増えたとのこと。', '趣味は、いろんなパックを試すこと、野球観戦、音楽鑑賞、ドラマ鑑賞、ウィンドウショッピング、ファッション雑誌を見ること。', '好きな食べ物は、お母さんの作ったハンバーグと野菜の肉巻き、果物。ハンバーグ、お寿司、チーズ、桃。', '好きな動物は、かめ、ヒヨコ、虎。', '好きな色は、白、水色、ピンク、紫。', '好きな四字熟語は、「七転八起」。'], 'negative_description': ['感情表現が苦手。「なんか、笑顔でいなきゃいけないような場面でも、自分だけ、こうしてたら目立つんじゃないか、ってひとりツーンってしてたりとか。めっちゃたまにですけど。表情を表に出すのが苦手で、公演でもよく言われるんですよ。だから、表情をもっと出していきたいですね。最初のころは、めっちゃレッスンとかでも指摘されてて。同期のメンバーの中でもひとりだけ表情に関しては置いてけぼり、みたいな感じになってました。最近やっと、「まだましやな」って言われるようになったんですけど……」', '苦手な教科は、数学、理科。'], 'other_description': ['性格は、天邪鬼。「分では……けっこう、なんやろ、あまのじゃくって言われますね（笑）。自分が思ってるのと違うことを伝えちゃうって言うか、よくウソついちゃうんですよ（笑）。好きやのに「嫌い」って言ったり（笑）。なんでか言っちゃうんですよ。ちっちゃい頃からお母さんにもよく『あまのじゃくやね』って言われてました。最近やっと『そうなのかなあ？』って自覚し始めて（笑）。なんか、友達と『私のこと好きやろ？』みたいな、言い合ってたんですよ、遊びで。でもそんなこと言うの照れるじゃないですか（笑）。好きっていう気持ちを表に出すのがイヤで、だから、『嫌いやで（笑）』みたいな。笑いながら言っちゃうんですよね」', '小学校1年から中学校2年まで8年間、本格的に習っていた。日曜以外、毎日練習の日々であったという。なお、ホームリンクは町田樹が滑っていたスケート場で、川上を指導したコーチは町田も指導していた。', 'フィギュアを始めたきっかけ。「家族でスケート場に遊びに行ったんですよ。その時は楽しくて、家に帰ったらお母さんに『習ってみいひん？』って言われて、仕方なくというか（笑）。最初はそんな感じで、楽しくて始めたんですけど、やっぱり楽しいだけじゃなくて、厳しい世界でもありましたね」', '「全関西フィギュアスケート選手権」で、2位になったことがある。', '阪神タイガースのファン。前述の薮下や家族とともに、阪神甲子園球場や京セラドーム大阪で、阪神のホームゲームをたびたび観戦している。', '']}"
19980915,5期,清水里香,しみず りか,りかてぃー,千葉県,20171012,,N,,,1,O型,160.0,"{'positive_description': ['好きな食べ物は、干物（イカの干物）、梅干し。', '趣味は、カラオケ、外で体を動かす、ギター、写真を撮る。', '特技は、ギター、側転、ダンス、人見知りをしないこと。\n'], 'negative_description': [], 'other_description': ['ギターはNMB48加入時点で6年経験があり、中学校の時に軽音楽部に入っていた。', '']}"
19981006,ドラフト 1期,武井紗良,たけい さら,さららん,大阪府,20140125,,N,,,1,O型,160.0,"{'positive_description': ['趣味は、食品サンプルあつめ。YouTubeで音楽をかけて踊ること。', '特技は、ダンス。ワック、ロック、ヒップホップダンスを習っていた。', '好きな食べ物は、生魚。お刺身、フルーツタルト、スイカ。', '好きな動物は、ハムスター。家でもハムスターを飼っており、名前はハムちゃん（本名は、ハムナプトラ）。', '好きなブランドは、イングリ。', '好きな色は、ピンクと、黄色。', '好きなサイリウムの色は、ピンク。', '好きな柄は、ヒョウ柄（ピンク）と、ストライプ。', '好きなキャラクターは、ディズニーのキャラと、スヌーピー。', '好きな言葉は、「ありがとう」', 'ユニコーンをモチーフにしたアイテムが好きで、カバンなど複数を所持している。', 'お菓子作りが得意で、メンバーに作ってあげている。'], 'negative_description': ['スポーツは基本、苦手。', '苦手な食べ物は、キノコ類。'], 'other_description': ['やってみたいユニットは、『天国野郎』', '左利き。', '']}"
19951205,2期,谷川愛梨,たにがわ あいり,あいり,大阪府,20120126,,N,,,1,O型,158.0,"{'positive_description': ['性格は、元気で明るくて、人を笑わせたり笑顔にするのが大好き', '趣味は、毎日お笑い動画を沢山見る事。', '特技は、メンサ、ヌンチャク、ブラインドタッチ、一輪車、ジャグリング。', '好きな食べ物は、生クリーム、エビ、茶碗蒸し。', '好きな言葉は、「継続は力なり」。', '好きな歌手は、「西野カナさん。中でも『君って』。JUJUさん。中でも『また明日』という曲が好きです」。', '好きな歌は、ラップ系。', '好きな曲は、AquaTimezの『等身大のラブソング』。', 'AKB48で好きな曲は、『bird』、『Blue rose』。', '好きな遊びは、カラオケと映画と遊園地。', '好きなキャラクターは、キティちゃん。マイメロ。', '好きなブランドは、「特にこだわリませんが、LizLisaとIatestは好きです」', '好きなテレビ（番組）は、サスペンスドラマ。', '好きな色は、ピンク。黒。'], 'negative_description': ['嫌いなスポーツは、ドッジボール。', '苦手な食べ物は、たまご焼き。'], 'other_description': ['口癖は、「まぢで!?」「おう」。', '毎日絶対に食べる物・飲む物は、茶碗蒸し、サラダ、生クリーム、ココア。', '「チャビー」というトイプードルを飼っている。', '子供は3人くらい欲しい。自分の子供に付けたい名前は、女の子なら「心愛（ココア）」で、男の子なら「蒼空（そら）」。', '']}"
19990727,2期,西澤瑠莉奈,にしざわ るりな,るりりん,大阪府,20150204,,N,,,1,B型,164.0,"{'positive_description': ['わがままに関する幼少期の逸話。「ほんまに。ああしたい、こうしたい、っていうのが多いです。好き勝手したがるタイプです。昔っからわがままだったみたいです。お母さんには、『全然代わらない、成長しない』って言われます（笑）」「んーっと……なんか、絶対に、お母さんに頼むんですよ、『○○して』みたいな。で、お母さんが『ムリ』っていうと泣き叫ぶ、みたいな（笑）。ちっちゃい時の話なんですけど。泣いて叫んで、駄々こねる感じの。動物の、シルバニアファミリーってあるじゃないですか、あれのいろんな、おうちとか人形とか、家具とかを、あれこれ欲しいほしいって言ってたらしいです。かわいいのが好きで。（おもちゃ屋さんに行ったときに、シルバニアファミリーのコーナーの前で泣くんですか？）そう、その場で怒るらしいです（笑）」「今はそんなにひどくないですけど、お母さんとショッピング行ってて、『あれ欲しい！』、『今はムリかな』みたいになると、『ふーん……』ってちょっと機嫌悪くなる感じですね。でも、とりあえずガマンします。（何歳くらいで覚えましたか？） つい最近だと思います（笑）。今中2ですけど、小学校高学年くらいで（笑）」', '趣味は、ショッピング、携帯小説。サッカー観戦。', '小学生の頃からガンバ大阪のファンで、練習着にもガンバのユニフォームを着用するほど。好きな選手は、遠藤保仁。「サッカー上手で周りをよくみている！」、宇佐美貴史、藤ヶ谷陽介。', '特技は、絵を描くこと、寝ること。ギャーギャー騒いでテンションを上げること。', '好きな教科は、体育。「体を動かすのが楽しいから♪」', '好きなスポーツは、サッカー、水泳。', '好きな食べ物は、焼き肉、お菓子。甘いスイーツ。', '48グループ以外で好きな曲は、『魂のルフラン』（高橋洋子）', '好きなペンライトの好きな色は、「青に決まってんじゃん♪\u3000(*^o^*)」', '好きな男性のタイプは、「優しくて、ちょっとイジワルな人(o^∀^o)ウフ♪\u3000好きなもの、タイプは変わるんで、今のところは！と思っていてください！」', '自身と母は動物好きということもあり、ペットを多く飼っている。内訳は犬3匹（「ティアラ」、「ジュエル」、「レイ」）、文鳥2羽（「パール」、「メラナイト」）、ハリネズミ1匹（「アンジュ」）、トカゲ1匹（「アレス」）（2014年3月現在）。「ボンちゃん（ボンバー）」というハリネズミを飼っていたが、2013年に死亡している。なお、現在飼っている「アンジュ」は「ボンバー」の嫁だったとのこと。'], 'negative_description': [], 'other_description': ['性格は、「わがまま＆激辛甘えんぼー」。\n', '握手会で、男装を披露したが、メンバーやスタッフから「イケメン」「かっこいい」などと好評で、は西澤を「逸材」と評し、などのメンバーからは、壁ドンのリクエストや抱き付かれるなど大モテとなった。男装バージョンの西澤は「」（るりと）を称しており、のトークでもを開設するなど、普段のキャラと使い分けている。', 'ぐぐたすの美術部に所属。Google+にメンバーを描いた絵をアップしたり、読売新聞日曜版に掲載されるのコラム「1分後の昔話」のイラストを担当したこともある。コラム上で課される課題は1回もサボらずに出し続け、コラムや読売プレミアム（WEB）で採用されることも多く、読売プレミアムでは『スーパー中学生』と呼ばれたことがある。', '腹筋を毎日30～50回行っている。', '']}"
19970330,2期,村瀬紗英,むらせ さえ,さえぴぃ,大阪府,20120126,,N,,,1,A型,159.0,"{'positive_description': ['趣味は、音楽鑑賞、ショッピング、ギターの弾き語り。音楽鑑賞。', '特技は、ギター。バドミントン。', '好きなマンガは、『ヒロイン失格』、『スイッチガール』', '好きな食べ物は、オムライス。オムライス、梨。サバの味噌煮。', '好きな色は、オレンジ、黄色、紫、ピンク。', '好きな花は、バラ。「小さい時おばあちゃんと、いろんな色のバラを見に行ってました」', '好きなブランドは、ココルル。CECILMcBEE。', '好きなアーティストは、ゆず、ORANGE RANGE。', '好きな曲は、ゆずの『始まりの場所』', '好きなお笑い芸人は、ナインティナインの岡村隆史。「私も勉強のために、お笑いの番組はよく見るようにはしています。好きなのは、ボケなんですけど、ナインティナイン岡村隆史さんです。\u3000岡村さんのお話は、ハッピーになれる笑いなんですよね。見てるみんなが幸せになれる感じで。悪口とか、毒舌じゃなくて、みんながいい気分になれる。そこがすごいと思っています」', '公演で好きな曲は、『キスはだめよ』『Dear My Theater』。', '好きな映画は、「今はもしドラが面白いですよね。あと漫才ギャングも面白かったです」', '好きなキャラクターは、リトルマーメードのアリエル。スケットダンスのボッスン。'], 'negative_description': ['苦手な食べ物は、梅、ピクルス。なすび。'], 'other_description': ['性格は、人見知り。', '中学ではバドミントン部に所属。', 'ギター、ピアノ、タンバリンを弾く事が出来る。ギターは村瀬の母が昔、ガールズバンドをやっていたことがあり、家にギターがあったため母に教えてもらったとのこと。', '好きな教科は、体育。「運動大好き☆でも長距離はむっちゃ苦手」、国語、英語（いずれも自称）。', '握手会で話したいこと。「ネタを作って紗英に披露してくれたり←(笑)、質問とか何でも話してください」', '左利き（ただし、ボール系やギターは右である）。', '一人称は、「さえ」である。', '']}"
19950529,4期,森田彩花,もりた あやか,あやてぃん,兵庫県,20150204,,N,,,1,O型,158.0,"{'positive_description': ['趣味は、DVD鑑賞、愛猫を触ること。携帯ゲーム。', '特技は、ダンス、珠算。ダンスは小学校1年生から習っていた。「オーディションのダンス審査の前も、「他のはあれやけど、ダンスで落ちたらほんま、嫌やなぁ」って思ってて」。', '得意科目は、英語。', '好きな食べ物は、エイヒレ、オムライス、おかき、サラダ。お菓子、アイスなど。パイナップル。', '好きな色は、ピンクとか黒系。', '動物はなんでも大好き（ハムスターを飼っている）。', '好きなブランドは、BACKS。', '好きな歌手は、倖田來未。', '好きなスポーツは、ダンス。', '特技のそろばんは珠算1級、暗算2級をもっている。'], 'negative_description': ['苦手科目は、国語。', '嫌いな食べ物は、「豚肉、鳥肉、肉系は嫌いです。焼肉のハラミならいけます。白ご飯も嫌い」'], 'other_description': ['メンタルは強い部類。「超強い（笑）ポジティブすぎるんです（笑）」。\n', 'ポジティブな性格になったのは、特に母の影響と語る。「お父さんもお母さんもノリノリなんで（笑）。特にお母さん。NMBの活動については、お父さんは応援はしてくれてると思うけど特に何か言ってくるってことはないんです。でもお母さんは、振りを覚えて『踊って！』とかって一緒に踊ってきたりするんですよ」「公演も応募してけっこう見に来ます。『ここの振り、おもろかったから踊って！」とかよく言ってきますよ（笑）。うちのお母さん、めっちゃ公演に当たるんですよ！ メンバーもそのことはよく知ってて、「今日もうちのお母さん来ますよ」って先輩とかに言ったら、『またあやてぃんのママくるん!?』て言われるくらいなんです（笑）」', '腕力が強く、2013年9月に行われたGoogle+での動画「研究生腕相撲大会」では、左利きにもかかわらず右腕で優勝をかっさらった。', '小さいころの夢は「『モーニング娘。になること』って書いてました（笑）。幼稚園のアルバムに」', '公立高校を2014年3月に卒業。「ほんまに忙しかったり、単位がほんまにヤバいときに、ちょっとだけ「休業したい」と思ったこともありましたね。もう、しんどすぎて。学校終わってダッシュで劇場に行って、公演が終わったら反省会もあるしで、夜遅くに家に帰ってきて、また次の日は学校じゃないですか。連日続くとちょっと……」', '学生時代は、部活には入っていなかった。', 'バイト経験がある。', 'サイリウムの色は、ピンク、黒。', 'やってみたいユニット。「可愛いらしいの、『雨の動物園』とか（笑）」。', '憧れの人は、北川景子。', '自分を動物に例えるなら、パンダ。', '左利きである。ただし、筆とそろばんは右で使用している。', '']}"
19960816,1期,吉田朱里,よしだ あかり,アカリン,大阪府,20110310,,N,,,1,AB型,165.0,"{'positive_description': ['長所は、ポジティブ。「めちゃポジティブな性格なんです。レッスンでできなくても、明日までにできるようになろう！と思って家でも練習しています。次の日にレッスン場で出来るようになった自分を鏡で見らることが毎日楽しみです」', '趣味は、オシャレ（メイク、ファッション、ネイル）。メンバーとハグすること。', '特技は、ホッピング。のモノマネ、ホッピング。低燃費少女ハイジのモノマネ。', '好きなものは、なまこ。ホッピング。', '好きなスポーツは。「体育で一回やってからバレーボールにはまった！\u3000でもダンスが一番好き」', '好きな食べ物は、アサイーボウル。梅干し、プリン焼きプリン。。甘いもの、梅、もやし、いかおくら。', '得意料理は、もやしナムル。「←めっちゃ得意」', '好きなキャラクターは、「boof。それと最近パワパフガールズが可愛くて仕方がない」', '好きな色は、ピンク、白。', '好きな言葉は、「笑ってー！良いことあるから！」。←オーディションの時の待受画面だった。', '好きな男性のタイプ、格好良くて優しい人。', '一目見て好きだと思う男性のポイントは、「手！\u3000大きい手がなんか好きかも！\u3000パピーの手が大きいからかな？\u3000小さい時パピーとよく手繋いでたから落ち着くのかも☆」', '理想のデートは、ずーと部屋で喋っていたい。「プリクラが大好きなので、プリクラを撮りに行きたい。その後は公演でずっと喋っていたいです」'], 'negative_description': ['短所は、どこか抜けている。', '苦手な物は、虫、鳥、おばけ。「怖い話なら大丈夫ですが、怖い画像や動画はめっちゃ苦手です。御化け屋敷にも絶対に入れません！」', '嫌いな食べ物は、ピクルス。セロリ。にんじん。'], 'other_description': ['性格は、しっかり者。だと自分では思っているが、周りから見るとどこかヌケている。', '金子「一度アンダー落ちした時に、悔し涙を流していた負けず嫌いです」', '最近興味があることは、「最近、美意識がとても高いです。常にファッションや美容のことを考えてます」', '握力は、右16kg、左14kg。', 'ペットとして飼っているのは、「金魚が七匹？と、わんちゃんも一匹に、亀が一匹、そして人間が4人」', '芸能界に憧れたきっかけは小学校2年生のときにごくせんのヤンクミをみて第二のヤンクミになりたいと思い芸能界を目指したからである。どうやったらヤンクミになれるかと考えた結果、ダンス始めようと思いダンススクールに通い半年後に芸能スクールに通った。ダンスの他にテニス、ピアノ、水泳も習っていたが途中でやめてしまいスクールを優先にした。たくさんのオーディションを受けるも落ちてしまい唯一受かったのがユニバーサルスタジオジャパンのハリウッドドリームの初代ポスターのモデルであった。小学校4年生から中学2年生になる前までスクールに通うも勉強を優先にするためやめたとのこと。その後は近くのダンススクールに通いつつ塾にも行ってた。部活が帰宅部であったためこのときが人生で一番楽しくなかったとコメントをしている。そんな中、友達のママがNMBのオーディションを知り友達と「受けたら？」と言われたが芸能界は諦めつつAKBのことがよく分からかったため断るもママが「どうせ受からんて！いいやん！受けてきぃ！」と言われて書類を送って受かったとのこと。ちなみにその友達は誘うだけ誘うも書類を送っていなかったとのことである。', '']}"
19990817,4期,明石奈津子,あかし なつこ,なっつ,大阪府,20150204,,M,,,1,B型,153.0,"{'positive_description': ['趣味は、歌う事、バレーボール。', '特技は、ピアノで、8年間習っていた。', '好きな食べ物は、ラーメン、お寿司。そば、冷やし中華、そうめん、うどん<。', 'いつくらいから好きかは、「もう覚えてないです。普通に家族で外食に行くとき、「どこ行きたいの？」、「ラーメン！」みたいな。ちっちゃい頃からそうやって、「自分ラーメン好きやな～」って思ってたんですよ。週1じゃなくて週4くらいでもいいし、1日に3食普通に食べてたときもあって。今はちょっと食生活が乱れるので多くても1日1食までにしてますけど」', '一番好きなのは醤油。2番目はとんこつ、3番目はキムチ、4番目が塩。「味噌とか他のラーメンも好きなんですけど、でもその中でランキングを付けたらこうなります」', '好きなトッピングは、「私、めっちゃシンプルなんが好きなんで、チャーシュー、メンマ、ネギ、で終わりです。あんまりごちゃごちゃがイヤなんで」「（味玉ですら？）要らないです。食べに行ったら、海苔とか入ってたりするじゃないですか。「何で入ってんの？ いらんやん！」と思います。卵もそんな感じで」', '外で食べるのも、自分で作って食べるのも好き。「普通のスーパーに売ってるような生麺タイプのやつです。買いだめして、自分で作って食べてます。生麺のつるっとした食感が大好きなんです」', '好きな色は、ピンク、黄色。', '好きなキャラクターは、キティーちゃん、マイメロディー。', '好きなお菓子の種類は、チョコレート系。', '好きな動物は、犬。「飼ってないけど、トイプードルが好き。', '好きな季節は、春。', '好きなスポーツは、バレーボール。「部活で3年ちょいやってました」'], 'negative_description': ['ただし、つけめんは苦手。「なんか「つける」っていうのが……めんどくさいんです（笑）。なんでつけるんやろ？って思ったりするんです」', '嫌いな食べ物は、ケチャップ。「これは匂いとか、見た目がちょっとダメなんです」'], 'other_description': ['性格は、「私、B型やからマイペースなんですよ。だから飽き性って言うか、ひとつやったらもうすぐ飽きちゃうっていうか」「とりあえずめんどくさがりです」「お風呂に入るのとか、夜遅くなったりすると、めんどくさくって。もう、ほんまに何をするにもめんどくさいんです（笑）」。', '中でも明石は、ラーメンについては大好物と公言している。以下、逸話。\n', '生誕祭の際にはファンから100個以上のカップラーメンのプレゼントがあったが、ほぼ自分で持ち帰って食べたとのこと。', 'このことから、YNN NMB48 CHANNELでの「」では、研究生でありながら異例のピン企画「お昼だよ!なっつラーメン」なるコーナーが組まれ、その後、自身の企画「なっつラーメン、アカシシカシラン」もスタートしている（2014年5月28日から）。', '']}"
19970711,3期,石塚朱莉,いしづか あかり,あんちゅ,千葉県,20121010,,M,,,1,A型,161.5,"{'positive_description': ['長所は、お茶目なところ。', '趣味は、映画鑑賞。', '特技は、1人○○。長距離。', '好きなスポーツは、バスケ。「小5からやり始めました。ポジションは司令塔であるポイントガードです」「5年間やっていました。私はスタメンではなく、応援隊長でした(照)。背番号は10ばん」', '好きなアニメは、『エヴァンゲリオン』。「アニメはこれしか知りません…。ですがエヴァは大好きです。ちなみに私はアスカが好きです」', '好きな食べ物は、ポテトサラダ。シチュー、梅干し。', '好きな飲み物は、緑茶。「夏によく飲みます!\u3000汗だくになって帰ってきたときに冷たい緑茶があると、生きててよかったと思います」', '好きな色は、黄色。「ちょいちょい好きな色は変わりますが、今は黄色が好きです」', '好きな花は、ひまわり。「きいろが大好き!\u3000ってんのんもあると思うけど、やっぱり、夏生まれやし。ひまわりを見るとテンション上がる」', '好きな言葉は、「やったらできる子やねん」'], 'negative_description': ['短所は、夏でも布団から出られない。'], 'other_description': ['「私はずっとバスケをやっていたせいか、脚が外またになってしまいます」', '']}"
19950120,3期,井尻晏菜,いじり あんな,あんたん,京都府,20121010,,M,,['チームM副キャプテン'],1,B型,159.8,"{'positive_description': ['長所は、やたらと元気。', '特技は、水泳。速読。ハリー・ポッターなどは1時間で読める。短距離走。「長距離は駄目ですね…大体後ろの方で前を行く人々の背中を眺めてます。(笑)」', '趣味は、読書。絵を描くこと。アニメを観ること。', '好きなアニメは、「基本は何でも観ます!\u3000コメントに書いてくださったアニメは全部好きですよ(^q^)グヘヘヘ\u3000二次元万歳!!(騒がしいな17歳)」', '好きな食べ物は、焼き肉、甘い物、辛い物。甘い物、辛い物、お婆ちゃんのおにぎり。「おにぎりの具は、断然ツナマヨ派ですよ」', '好きな言葉は、「有言実行」'], 'negative_description': ['嫌いな食べ物は、「紫色で天ぷらや漬物で使われるあれです(汗)!」。マヨネーズ。ただし、「たこ焼きやお好み焼きのマヨネーズは大丈夫です」'], 'other_description': ['自分解説。「あんたんは単純な奴なので、名前を呼んで頂けるだけでニヤニヤします。←(気持ち悪いぜ、17歳)。もちろん、名前以外でも反応します。いろいろお試しあれっ!!\u3000←(Ｍっ気あるのか17歳)」', 'から見た、井尻の印象は「常にちょっと不思議やなって」とのこと。井尻「前に撮影の時に、冬やったんですけど、スナック菓子を食べてて、これを温めたらもっとおいしくなるんちゃうかと思って、ストーブで温めてたら、けいっちさんに写真撮られて（笑）」、上西「そうそう（笑）。不思議な子…って思った。あと、劇場とかではよく独り言言ってるし」、井尻「私、独り言多いんですよね…」', '右利き。', '憧れの芸能人は、水樹奈々。', '', '']}"
19961023,2期,鵜野みずき,うの みずき,みぃーき,奈良県,20150204,,M,,,1,A型,169.0,"{'positive_description': ['趣味は、ショッピング、音楽鑑賞。自分の部屋の掃除。', '特技は、一輪車。「『舌をWにすることが出来る』って言ってるんですけど。苦しまぎれで言ってるところあるし。誰かみぃーきの特技見付け出してぇぇぇ」', '好きな事は、ウィンドウショッピング。', '好きな食べ物は、パスタ、梅。以前の公式プロフィールでは、パン、うどん、アイスクリーム。「私はパンが大好きで、一日一回はパンを食べます。新しいパン屋さんを見かけると、まず初めにメロンパンは必ず買って食べます」', '好きなモデルは、。', '好きな服のブランドは、リズリサ、トゥララ。', '好きな色は、ピンク、水色、黄色。', '好きな曲は、自身がAKB48シングル楽曲初選抜入りを果たした『』で、76文字の公式タイトルを何も見ずに言える。', '好きなサイリウムの色は、ピンク＆水色のMIX。'], 'negative_description': [], 'other_description': ['性格は、涙もろい。だが、我慢も覚えてきた。「以前は人前で涙なんか見せなかったのに、今は悲しい時も嬉しい時もすぐ泣いてしまう。でも、アイドルは人に元気や笑顔を与える仕事。自分が泣いてたらダメですよね」。「学校の友達とかやったら、けっこうしゃべるんですよ。だから「明るくて活発」とか言われるんですけど、NMBの中やとちょっと引っ込み思案なとこがあって、最初は。でも最近は、けっこうみんなとしゃべります」', '2014年10月の利用解禁から一貫してを開設していない。またも開設しておらず、2019年時点でSNSツールはオフィシャルブログのみとなっている。', 'カラオケで歌う曲は、『残酷な天使のテーゼ』。', '睡眠時間は平均5時間ぐらい。', 'セキセイインコを飼っている。名前は「チルちゃん」で由来は、幸福の青い鳥から。', '']}"
19950916,1期,川上礼奈,かわかみ れな,れなぴょん,香川県,20120126,,M,,,1,O型,162.0,"{'positive_description': ['趣味は、おかし作り、お買い物。', '特技は、うどん作り、なわとび。', '好きな食べ物は、うどん。', '好きな服のブランドは、リズリサ、イング。', '好きなアニメは、『ドラえもん』、『クレヨンしんちゃん』', '好きな曲は、スマイレージの『スキちゃん』『有頂天LOVE』『ぁまのじゃく』、モーニング娘の『ピョコピョコウルトラ』『彼と一緒にお店がしたい』'], 'negative_description': [], 'other_description': ['まりもっこりを27個集めている。', '年齢差。「付き合うなら2、3個上かなぁ？\u3000でも、あんまり年齢気にしないです」', '一人称は、「れな」または「れなぴょん」。口癖は「～れなぴょん」である。', '']}"
19990129,3期,久代梨奈,くしろ りな,りなっち,大阪府,20121010,,M,,,1,O型,162.0,"{'positive_description': ['趣味は、ハムスターと遊ぶこと。ペン集め、消しゴム集め。', '特技は、歌うこと、柔軟。クラシックバレエ。', '好きな教科は、美術、音楽、社会、技術。', '好きな動物は、モモイロインコ。「モモイロインコめっちゃかわいいですヨ」', '好きな食べ物は、クレープ、春巻き。桃、梨、おそば、お雑煮、ステーキ。', '好きな花は、ピンクのガーベラ、バラ。', '好きなキャラクターは、キティーちゃん，ダッフィー，プリキュア「きゃぁ～どれもかわいい。ってちょ、まちっΣ（・□・；）\u3000プリキュア・・りなっちは幼稚園の時から、プリキュアが好きで…プリキュアかわいい。プリキュアのお話がめっちゃいいんです(*^^*)\u3000りなっちはプリキュアも戦隊ヒーローも好きだっち」', '好きなペンライトの色は、濃いピンクとムラサキ。', '好きな言葉は、「ありがとう」'], 'negative_description': ['嫌いな食べ物は、エビ。'], 'other_description': ['長所は、負けず嫌い。物事を最後までやる。', 'バレエを5年間やっていた。', '部活は文芸部に所属。', '運動神経は悪い。', '']}"
19980330,2期,古賀成美,こが なるみ,なる,大阪府,20130418,,M,,,1,B型,161.5,"{'positive_description': ['趣味は、映画、漫画、人間を観察。走ること。', '特技は、辛い物を食べること。走ること。', '得意な教科は、体育。', '好きな食べ物は、トマト、パイナップル、チョコレート。以前の公式プロフィールでは、ピーマン。', '好きな曲は、『ハート型ウイルス』', '好きな漫画は、『フェアリーテイル』', '好きなキャラクターは、キティーちゃん。ピンクパンサー。トゥイーティー。', '好きなブランドは、ANAP。', '蝶ネクタイが好き。', '好きな色は、赤、キラキラ輝くゴールド。', '好きな球団は、阪神タイガース。', '好きな男性の仕草は、自然に空を見てるところ。'], 'negative_description': [], 'other_description': ['性格は、喋ったら止まらない、うるさい、笑わないときがすまない。人見知りゼロ。', '中学では、陸上部に所属（長距離）。', '夏場は日焼けし、帰宅するとマグロ、めかぶ、ごま油を混ぜた納豆を食べてスタミナをつけている。', '「アフロちゃん」（トイプードル）、「クーちゃん」「ポーちゃん」（ヨークシャテリア）、「クロちゃん」（チワワ）の計4匹の犬を飼っている。', '']}"
19960825,4期,渋谷凪咲,しぶや なぎさ,なぎさ,大阪府,20140224,,M,,['チームMキャプテン'],1,A型,163.2,"{'positive_description': ['趣味は、映画鑑賞、スイカ割り、お買い物。お買い物、メイク、食べること、寝る事、お笑い鑑賞。「よくばりですみません（笑）」」', '加入前は京橋花月へよく通っているほどのお笑い好き。中学生の頃は芸人志望でNSC（吉本総合芸能学院）へ進むことを目指していた。「でも、おもしろくないからムリやなって思ってたんです」', '特技は、格闘技。', '好きな食べ物は、サーモン、スイカ、たこやき、おすし。スイカとみかん。「スイカがあれば生きていけます。でも、みかんも捨てがたいです」「昔みかんを食べすぎて、顔も手も足黄色くなってしまいました。そのせいでか分からないですけど、まだ肌が黄色いです（笑）」。', '好きな男性のタイプは、「優しくて、おこりっぽくなくて誰にでも優しい人」', '好きなキャラクターは、モンスターズ・インク、トイストーリー、ベティーちゃん。', '好きな色は、ピンク。'], 'negative_description': [], 'other_description': ['中学、高校とバレーをしていた。', '視力は良い。', '猫を飼っている。名前は「メイ」。', '']}"
19971014,1期,白間美瑠,しろま みる,みるるん,大阪府,20110310,,M,,,1,B型,160.0,"{'positive_description': ['趣味は、1人で映画を見ること。アイススケート。キャラになりきってマンガを音読する。', '特技は、メンバーや人の似顔絵を書くこと。鉄棒、マット、跳び箱。変顔、プール。', '長所は、いつも明るく元気。', '好きなスポーツは、スケート。', '好きな食べ物は、キャラメルポップコーン。以前の公式プロフィールでは、チョコレート。ケチャップ、お酢、カレーライス。', '大のケチャップ好きで、チョコレートやご飯にかけたり、ラーメンやお味噌汁に入れたりする。の政見放送では、ケチャップをそのまま吸っていた。', '好きな色は、ピンク。黒。', '絶叫マシーン好き。「遊園地のジェットコースターや高所から一気に垂直落下するフリーフォール。重力から解き放たれてフワッと体が浮く感覚が最高です。絶叫マシンの魅力は気持ちを「リセット」してくれるところだと思います。何か嫌なことがあっても、絶叫マシンに乗ると、スッと気分が穏やかになります。お姉ちゃんとけんか中でも、絶叫マシンに乗って家に帰る頃には素直に「ごめんね」と言えるようになっていたり。不思議な力を与えてくれる乗り物です」', '好きな男性のタイプは、お父さんみたいな優しい人。', '好きなアーティストは、森高千里。。'], 'negative_description': ['短所は、口べた。深く考えないとこ。すぐ緊張する。', '「私の雨嫌いは昔からなんですけど、小学生のころは梅雨時にはあえて外に出てましたね。傘もささずに長靴で水たまりに飛び込んで、水たまりの泥を手ですくうんです。そして、それを手に塗りつけて天然泥パックを楽しんでました。子どもだったから本当に効果があったかは分かりませんけど、不思議と手もツルツルになる気もしてました。この遊びは雨の日しかできないので、雨は嫌いやけど泥パックができるから我慢しようともなってましたね。大人の人は、なかなか水たまりの泥でパックはできないかもしれませんけど（笑）、例えば、良い傘とかレインブーツを買って、雨ならではのオシャレを楽しんでみるとかすれば、少しは雨を前向きに考えられるんじゃないですかね。少しでも、雨嫌いが克服できますように！」'], 'other_description': ['足の指が長い。', '白間はの「足が臭い」と暴露したが、その木下からは白間の方が臭いと反論された。スタッフに木下と白間はどっちが足が臭いのかと比べてもらったところ、白間の方が臭かった（木下談）。2人の足が臭くなった理由は、公演中靴下を履かない時があるから。それでどんどん靴が臭くなっていった。靴下を履かない理由は、早着替えで面倒くさいから。', '部活はテニス部。', 'すっぴんを見られても平気。「中学生はいつもすっぴんなので（笑）」', '理想のデートは、遊園地で絶叫マシーンに乗る。', '（2010年現在）高2の姉と、小1の弟がいる。', '「秋はよく弟と公園に行きます。公園には落ち葉がたくさんありますよね。弟は小学2年生なんですけど、それに穴を開けて顔を作ったりしています（笑）。仲良いけど、ケンカもよくします。弟は食べ物にめっちゃうるさいんですよ。弟が買ってきた駄菓子を私がちょっと食べたら、すぐ蹴ってくる。私が悪いんですけど（笑）」', '楽屋では全裸で歩き回ってる。。', '']}"
19960529,ドラフト 2期,堀詩音,ほり しおん,しおん,北海道,20160825,,M,,,1,O型,158.5,"{'positive_description': ['長所は、いつも明るく笑顔でいられる所。', '趣味は、お友達とカラオケ、ショッピング。', '特技は、ダンス（習い始めて14年目）、ワープロの早打ち（検定で準1級を所持）。', '好きな食べ物は、いちご、生ハム、ホルモン（塩派）。'], 'negative_description': ['短所は、明るすぎてうるさいとよく言われる所。'], 'other_description': ['犬（シーズー）を飼っている。', '北海道出身という事もあり、北海道の銘菓・北海道限定のお土産などで #しおんのでっかい〜と ハッシュタグを付けての紹介', '']}"
19981221,5期,水田詩織,みずた しおり,しおり,愛媛県,20171012,,M,,,1,B型,153.0,"{'positive_description': ['好きな食べ物は、トマト、みかん、パッションフルーツ。', '趣味は、宇宙や人類の進化の動画をみる、お掃除、爬虫類の写真を見る、植物を眺める。', '特技は、髪の毛をかつらみたいにすること、工場用ミシンが使える、舌をはやく出し入れ、写真をとる。', '好きな色は、緑色。', '好きな場所は、博物館。'], 'negative_description': [], 'other_description': ['他の5期生に負けないところは、「頭皮の柔らかさは負けません!!!あと、まつげの長さも」', '']}"
20010608,ドラフト 2期,安田桃寧,やすだ ももね,ももね,大阪府,20170101,,M,,,1,O型,150.0,"{'positive_description': ['長所は、いつも笑顔。', '趣味は、料理、ゲームをすること、ダンス、ショッピング。', '特技は、ダンス、りんごの皮むき、フラフープ、バスケットボール、側転。', '好きな食べ物は、クレープ、お母さんの料理。'], 'negative_description': ['短所は、マイペース。'], 'other_description': ['']}"
19951210,4期,山尾梨奈,やまお りな,やまりな,京都府,20150204,,M,,,1,A型,147.0,"{'positive_description': ['趣味は、お買い物、お菓子作り。', 'サッカー観戦も趣味。好きなサッカー選手は「李（忠成）選手のボレーシュートが忘れられないちょ」。好きなチームは、京都サンガ、セレッソ大阪。', '特技は、針に糸を通すこと。', '好きな食べ物は、トマト、ハンバーグ、湯葉。バナナ。', '得意な料理は、「玉子焼きくらいしか自信ない（笑）」。', '一番好きな色は、ピンク。', '好きな芸人は、エハラマサヒロ。', '好きなアーティストは、「芸術家って意味なら草間彌生さん、蜷川実花さん！」', '48グループ以外の好きなアイドルは、「4人時代のスマイレージさんとかぱすぽ☆さんとか、横山ルリカさん、道重さゆみさんとか好きでした」。'], 'negative_description': ['辛い食べ物は苦手。'], 'other_description': ['英会話を習っていたことがある。', '部活は、小5、6はバレー部、中学三年間は美術部、現、帰宅部。', '座右の銘は、「病は気から」。', '']}"
19960217,2期,東由樹,あずま ゆき,ゆきつん,兵庫県,20121009,,BII,,,1,O型,160.0,"{'positive_description': ['長所は、いつも笑顔で明るく、童顔(照) 人一倍汗をかく。', '趣味は、写真を撮ること。', '特技は、ダンス。ヒップホップを1年、ロックを4年やっていた。「自信はあります。でも、みんな上手いので、頑張らないと抜かされちゃいます」', '好きな歌は、ヒルクライムの『大丈夫』', '好きな色は、パステルピンク。薄いピンク、茶色。', '好きなキャラクターは、ELMO。モッピー、汎用うさぎ。', '好きな食べ物は、カレー、苺、いくら、納豆。白米。', '好きなスポーツは、走る競技。バドミントン。', '好きな教科は、体育。', '好きなブランドの服は、LIZ LISA。INGNI。', '好きな男性のタイプは、「その人自身を好きになる事が多いかも…。だから、これといって決まったタイプわいないかな」', '好きな男性のファッションと髪型は、「う～ん…あんまりこだわりないかなぁ。これが一番困るかッッ」'], 'negative_description': ['短所は、感情表現が薄い、ネガティブ。', '嫌いな食べ物は、お魚。ナス。ゴーヤ。'], 'other_description': ['最近はまってる事は、色んな風景を色んな角度から撮る事。', '座右の銘は、「報われない努力なんてあるわけない」', '匂いフェチ。「気づいたらなんでも匂ってる気がする」', '父・母・姉（2014年3月現在21歳）・姉（19歳）・本人の5人家族。', '「COCO」という水色のセキセイインコを飼っている。', '']}"
20030807,5期,梅山恋和,うめやま ここな,ココナ,大阪府,20171012,,BII,,,1,O型,157.0,"{'positive_description': ['好きな食べ物は、おもち、チョコレート。', '趣味は、おかし作り、音楽を聞きながら半身浴、ゲーム、プリクラ。', '特技は、おもちつき、白玉作り、ダンス、自撮り、スマホで目をつぶって文字入力。'], 'negative_description': ['嫌いな食べ物は、トマト。'], 'other_description': ['']}"
19970801,3期,加藤夕夏,かとう ゆうか,うーか,大阪府,20121010,,BII,,,1,A型,164.0,"{'positive_description': ['長所は、頑張り屋さん。笑顔。', '趣味は、音楽をきくこと、体を動かすこと。ダンスをすること、干し梅のお菓子とアイス食べる事、はわ～くんを書くこと。', '特技は、ダンス、ピアノ。神経衰弱、バドミントン、バレーボール。', '宴会芸も得意。「腹踊りでゾウさんが出来ます」。いつか公演で披露したいと話す。', '好きなキャラクターは、かくれももじり、ピンクパンサー、アクビちゃん。', '好きな食べ物は、焼き肉、プリン、チーズケーキ。えびちり、タコス、梅、焼き肉、アイス。', '好きな花は、ひまわり。', '好きな色は、ピンク、黄色、きみどり、紫、黒。', '好きなスポーツは、バドミントン、水泳。', '好きな顔文字は、(´・ω・`)\u3000( ´艸｀)\u3000(*゜▽゜)ノ\u3000', '好きな映画は、『僕たちと駐在さんの700日戦争』『ハリー・ポッター』', '好きな雑誌は、『nicola』', '好きなブランドは、LizLisadoll、ANAP、INGNI、pinklate、galaxxxy  etc。「派手な服やかっこいい感じの服がすきです」', '好きな言葉は、「笑門来福」「大好き」', '好きな教科は、体育、家庭科、音楽、理科、国語。「好きなスポーツや教科はあくまでも好きなものですww」'], 'negative_description': [], 'other_description': ['性格は、負けず嫌い。「ちょっぴり頑固かな」「メンバーには、いーっつもいじられます。学校でもいじられます。いじられるの好きです」 ', '占いは、「がっつり信じます( ´艸｀)うふ」', '短所は、わがまま。負けず嫌い。たまにボーッとして話を聞いていない。', '「夕夏」という名前の由来は、「8月1日の夏の夕方に生まれたので、漢字にしたらあそのまんま♪\u3000夕夏なのです。覚えやすぃやろっ。覚えてくださいなあ～」', '弱点は、「首と脚。てか全身です」', '']}"
19990716,5期,小嶋花梨,こじま かりん,こじりん,埼玉県,20171012,,BII,,['NMB48キャプテン'],1,A型,164.0,"{'positive_description': ['好きな食べ物は、和菓子。', '趣味は、音楽を聞く、動画を見る、コスメ集め、ライブ。48グループの曲を聞くこと、コンサートにいくこと。', '特技は、ダンス、バトン、まつげにパスタをのせる、目玉リレー。\n', '好きな色は、赤、白、黒、パステルカラー。'], 'negative_description': [], 'other_description': ['ダンスは中学と高校の部活でやっていて、バトンは小2から中1まで習っていた。', '']}"
20051215,ドラフト 3期,塩月希依音,しおつき けいと,けいと,大阪府,20190301,,BII,,,1,A型,147.0,"{'positive_description': ['長所は、笑顔、負けない気持ち。', '趣味は、体を動かすこと、食べること、踊ること、お出かけ。', '特技は、スポーツ（バレーボール）、英語、アルファベットの手話、体力があること。', '好きな食べ物は、チョコレート、グラタン。'], 'negative_description': ['短所は、優柔不断。'], 'other_description': ['将来の夢は、キラキラ輝くアイドル。', '']}"
20010528,5期,上西怜,じょうにし れい,れーちゃん,滋賀県,20171012,上西恵,BII,,"['上西恵', ' （元NMB48）']",1,A型,152.0,"{'positive_description': ['好きな食べ物は、オムライス、グラタン。キウイ。', '趣味は、音楽を聞きながら歌う、ショッピング、公演のDVDを見る。', '特技は、ハンドスプリング（前方倒立回転跳び、兄から教えてもらったとのこと）、一輪車、スノーボード、バスケットボール。'], 'negative_description': ['嫌いな食べ物は、無し。'], 'other_description': ['']}"
19970406,ドラフト 1期,内木志,ないき こころ,ここちゃん,滋賀県,20140125,,BII,,['卒業予定（活動終了日未定）'],1,A型,163.5,"{'positive_description': ['趣味は、お菓子作り（料理）、動画を見る。お菓子作り、遊園地に行くこと。', '特技は、バレエ、テナーサックス、お琴。バレエ（9年）、ダンス（2年）、日舞、お琴、テナーサックス。', '好きな食べ物は、デコポン、生姜焼き、チョコレート。豚の生姜焼き。「私の大好物！これさえあれば、ご飯いっぱいいけます！毎日でも大丈夫！焼肉はあんまり好きではありません」、', '好きな飲み物は、「朝もお風呂上がりもいつも冷たい牛乳飲みます！ミルクティーも好きです」', '好きなフルーツは、「苺・デコポン・メロン・マスカット…いっぱいです」', '好きな野菜は、玉ねぎ、トマト、ジャガイモ(キュウリも好きです)。', '好きなアーティストは、AKB48グループ、ナオトインティライミ、三代目J Soul Brothers。', '好きなアニメは、「進撃の巨人」「ONE PIECE」「ギャグマンガ日和」「プリキュア」。', 'アニメ好きでコスプレ歴は15年。今まで「けいおん！」澪ちゃん（ドラフト候補生の恋チュン動画で着て踊ってるよ）、「ONE PIECE」のハンコック、「反逆のルルーシュ」のC.C.「らき☆すた」のこなたなど。今、一番してみたいコスプレは「進撃の巨人」のミカサの格好。', '好きな動物は、「動物はなんでも好きです。犬（ティンク）を飼ってます！」', '好きな色は、ピンク、グリーン、黄色、黒、白。', '好きなNMB48の曲は、『』', '好きな言葉は、「ありがとう」', '好きな四字熟語は、「一石二鳥」(お得感ハンパ無いから)'], 'negative_description': ['苦手な科目は、社会。'], 'other_description': ['性格は、シャイで人見知り。そして負けず嫌い。石橋を叩いて叩いて叩いて渡るタイプ。', '右利き。', '得意科目は体育。スポーツ好き。「もともと水が苦手で、年中の時に、スイミングよりバレエを選んだのですが、バレエの先生に、体型が変わるから水泳にバレーにバスケ等は習わないように言われ、中学では吹奏楽部、高校では演劇部と文化部です。でも、得意教科は体育で、スポーツ好きです！短距離も長距離も速いと思います」', '阪神タイガースのファン。最近は同じ滋賀県出身の（東北楽天ゴールデンイーグルス）のファンでもある。', '（2014年当時）大学二年生の姉がいる。「アメリカの大学に留学しているので、会えなくてさみしいです」。', '']}"
20021116,5期,中川美音,なかがわ みおん,みおん,大阪府,20171012,,BII,,,1,不明,151.2,"{'positive_description': ['好きな食べ物は、みかん、ぶどう、メロン。', '趣味は、寝ること、家族とゲームをする、48グループの歌を歌うこと、テレビ。', '特技は、水泳、手の指の第一関節が柔らかい、けん玉、フラフープ。'], 'negative_description': [], 'other_description': ['']}"
20030112,ドラフト 2期,本郷柚巴,ほんごう ゆずは,ゆず,大阪府,20171012,,BII,,,1,B型,155.5,"{'positive_description': ['長所は、努力家、ここ1番本番に強い。', '趣味は、料理、音楽を聴くこと、料理をすること、踊ること、歌うこと。フィギュア集め。', '特技は、ジャズポップダンス。ダンス、歌、不意の寸止め裏拳（ごく稀に当たります）。', '好きな言葉は、「自分を信じろ」「有言実行」。'], 'negative_description': ['短所は、時間の感覚が欧米人。'], 'other_description': ['']}"
20011211,5期,山田寿々,やまだ すず,すず,大阪府,20171012,山田菜々,BII,,"['山田菜々', ' （元NMB48）']",1,A型,153.0,"{'positive_description': ['好きな食べ物は、お寿司。一番好きなネタは、サーモン。', '趣味は、音楽を聞く、お買い物、携帯小説を読む、写真を撮る。', '特技は、歌を覚える、寄り目、縄跳び。', '歌うこととぬいぐるみが大好きで、枕の周りと足元の周りにはぬいぐるみがたくさんあり、みんな、それぞれ名前があるとのこと。'], 'negative_description': [], 'other_description': ['']}"
20020806,5期,山本彩加,やまもと あやか,あーやん,兵庫県,20170101,,BII,,,1,A型,160.0,"{'positive_description': ['好きな食べ物は、フルーツタルト。', '趣味は、トランペット、ネイル、映画鑑賞、犬と遊ぶ。野球観戦。', '特技は、空手、バスケットボール、走ること、譜面をすぐに覚えられる。\n', '好きな色は、ピンク、黄色。黄色は阪神タイガースのカラーだからとのこと。', '上述のように，｢チームカラーだから黄色が好き｣と言うほど熱狂的な阪神タイガースファンである。好きな選手は、投手では･野手ではとのこと。'], 'negative_description': [], 'other_description': ['バスケットボールは、小学校の時にミニバス（ミニバスケットボール）でキャプテンであった。', '']}"
20020311,ドラフト 3期,山本望叶,やまもと みかな,みかにゃん,山口県,20190301,,BII,,,1,B型,160.0,"{'positive_description': ['長所は、自分の意志をしっかり持っている。嘘をつかない。', '趣味は、家をみること（色々な家の間取りを見ること）、ゲーム、食事。アイドルを見ること、アニメ。', '特技は、手話、食べ物のカロリーをあてる、ドラム、真顔。', '好きな食べ物は、お菓子。'], 'negative_description': ['短所は、人見知り。感情の変動が激しい。'], 'other_description': ['将来の夢は、偉人。', '']}"
20010718,ドラフト 3期,安部若菜,あべ わかな,わかぽん,大阪府,,,,研,,1,O型,158.0,"{'positive_description': ['長所は、好奇心が強い。', '趣味は、落語を聞くこと、アニメ鑑賞、ちくわ笛（練習中）、さんぽ。', '特技は、料理、円盤投げ、暗記、空想。', '好きな食べ物は、和菓子、チョコ。'], 'negative_description': ['短所は、飽きっぽいところ。'], 'other_description': ['将来の夢は、アナウンサー。', '']}"
20041122,ドラフト 3期,泉綾乃,いずみ あやの,あーのん,京都府,,,,研,,1,AB型,161.0,"{'positive_description': ['長所は、任されたことはしっかりとやること。', '趣味は、ダンス、音楽鑑賞、クラリネット。', '特技は、ダンス、クラリネット、指遊び、早食い。', '好きな食べ物は、メロンパン。'], 'negative_description': ['短所は、泣き虫で人見知りなところ。'], 'other_description': ['将来の夢は、女優・モデル。', '']}"
20030312,ドラフト 3期,大田莉央奈,おおた りおな,りいちゃん,大阪府,,,,研,,1,不明,161.0,"{'positive_description': ['趣味は、読書、音楽鑑賞、カワイイ子を見る、食べること。人間観察、鏡をみること。', '特技は、ハードル飛び、誰とでも仲良くなれる、反復横跳び、写し絵。', '好きな食べ物は、からあげ、抹茶、きゅうり。'], 'negative_description': ['短所は、心配性、ひとつのことを引きずる。'], 'other_description': ['長所は、誰とでも友達になれる、負けず嫌い、話すと止まらない。', '将来の夢は、タレントさん（面白い人）。', '']}"
20041130,6期,大段結愛,おおだん ゆい,ゆいちゃん,兵庫県,, チームN大段舞依,,研,,1,A型,156.0,"{'positive_description': ['特技は、料理、クロール、フラフープ、映える写真を撮ること。', '趣味は、café巡り、スライム作り、お笑いを見ること、Youtubeを見ること。', '好きな食べ物は、ビビンバ、うどん、桃、スイカ、なすび、抹茶。'], 'negative_description': [], 'other_description': ['将来の夢は、皆に憧れられるモデルになりたい。', '']}"
20051222,6期,岡本怜奈,おかもと れな,れなたん,大阪府,,,,研,,1,O型,159.0,"{'positive_description': ['特技は、フラフープ、スーパーボールすくい、犬の気持ちがわかる どこでも寝れる。', '趣味は、おしゃれをすること、映画鑑賞、シュノーケリング、旅行。', '好きな食べ物は、マンゴー、チョコレート、おもち、ハチミツピザ、グラタ。'], 'negative_description': [], 'other_description': ['将来の夢は、みんなに憧れられるアイドル、女優、モデル。', '']}"
19980624,6期,小川結夏,おがわ ゆうか,ゆうか,神奈川県,,,,研,,1,A型,157.0,"{'positive_description': ['特技は、オセロゲーム、目玉リレー、アイドルグループのものまね。', '趣味は、映画鑑賞、ライブ鑑賞、占い バラエティーやアニメ番組をみること。', '好きな食べ物は、ハンバーガー、ピザ、台湾料理、お菓子、マンゴー。'], 'negative_description': [], 'other_description': ['将来の夢は、活動を通して誰かの力になること。', '']}"
20050704,6期,北村真菜,きたむら まな,まなてぃー,大阪府,,,,研,,1,A型,145.0,"{'positive_description': ['特技は、陶芸、ネイルのデザイン、ヘアアレンジ、なわとび。', '趣味は、お料理、食べること、オシャレなお店にいくこと。', '好きな食べ物は、おすし、パスタ、フルーツ、タルト。'], 'negative_description': [], 'other_description': ['将来の夢は、モデル、女優。', '']}"
20010420,6期,小林莉奈,こばやし りな,りなちー,埼玉県,,,,研,,1,B型,158.0,"{'positive_description': ['特技は、スノーボード、早食い、走ること、くちびるとあごで物をはさめる。', '趣味は、メイク、美容の勉強・研究、料理をすること。', '好きな食べ物は、肉、さつまいも。'], 'negative_description': [], 'other_description': ['将来の夢は、看護師兼モデル、女優。', '']}"
19990721,ドラフト 3期,坂本夏海,さかもと なみ,なみみ,東京都,,,,研,,1,A型,160.0,"{'positive_description': ['長所は、ポジティブで行動力があるところ。', '趣味は、空港へ行くこと、カラオケ、映画鑑賞、ゴルフ。', '特技は、ものまね、歌（バラード)、タイピング、パンの袋詰め、店員さんのものまね、マット運動。', '好きな食べ物は、かぼちゃ、いちご、チーズ、エビチリ、タピオカ。'], 'negative_description': ['短所は、楽観的すぎるところです。'], 'other_description': ['将来の夢は、リポーター、声優、お天気お姉さん。', '']}"
20020630,6期,貞野遥香,さだの はるか,はるちゃん,大阪府,,,,研,,1,A型,158.0,"{'positive_description': ['特技は、クラシックバレエ、フラフープ、柔軟。', '趣味は、リップ集め、メイク動画をみること、ファッション雑誌チェック。', '好きな食べ物は、もも、マカロン、アイス。'], 'negative_description': [], 'other_description': ['将来の夢は、スーパーアイドルになって皆さんに笑顔や元気をお届けすること。', '']}"
20000315,ドラフト 3期,佐藤亜海,さとう あみ,あみまる,兵庫県,,,,研,,1,B型,167.0,"{'positive_description': ['趣味は、おかしづくり、カラオケ、運動、ファッション/メイク、SHOWROOM。', '特技は、辛いものを食べる、なわとび、人見知りせずに話せる。テニス。', '好きな食べ物は、きゅうり、オムライス、チーズかまぼこ、お寿司、梅干し。'], 'negative_description': ['短所は、緊張しやすいところ。'], 'other_description': ['長所は、負けず嫌いで目標に向かって一生懸命頑張るところ。', '将来の夢は、ファッション誌のモデル、自分のファッションブランドを持ちたい。', '']}"
19991229,6期,菖蒲まりん,しょうぶ まりん,マリン,北海道,,,,研,,1,O型,156.0,"{'positive_description': ['特技は、茶道、ダンス、変顔・モノマネをすぐする、暗記力。', '趣味は、Youtubeや戦隊ものの動画を観ること、収集、人やモノを観察すること。', '好きな食べ物は、杏仁豆腐、チョコミント、豚トロ、チーズ、サーモン、干し梅、練乳、抹茶。'], 'negative_description': [], 'other_description': ['将来の夢は、スーパーヒーロー（何でもマルチにこなせる人）、たくさんの人を幸せにすること。', '']}"
19980802,6期,新澤菜央,しんざわ なお,しんしん,兵庫県,,,,研,,1,B型,156.0,"{'positive_description': ['特技は、水泳、ローラースケート、一輪車、ものまね。', '趣味は、YouTubeを見る、ショッピング、ドラマ鑑賞。', '好きな食べ物は、トマト、オムライス。'], 'negative_description': [], 'other_description': ['将来の夢は、雑誌のモデル、女優。', '']}"
20001218,ドラフト 3期,杉浦琴音,すぎうら ことね,ことちゃん,愛知県,,,,研,['2019年5月8日から活動休止中'],1,O型,158.0,"{'positive_description': ['長所は、協調性がある。', '趣味は、飼い猫と遊ぶこと、おかしづくり、ラジオを聞くこと。', '特技は、運がイイこと、変顔、ニワトリの鳴きまね。NMB48の劇場公演・握手会に参加すること。', '好きな食べ物は、お好み焼き。'], 'negative_description': ['短所は、運動音痴。'], 'other_description': ['将来の夢は、看護師、人を笑顔にすること。', '']}"
20010622,6期,出口結菜,でぐち ゆいな,ゆいな,奈良県,,,,研,,1,A型,155.0,"{'positive_description': ['特技は、妄想、うしろ二重跳び、三点倒立、人の良いとこ探し。', '趣味は、映画のフライヤー集め、Youtubeを見ること、映画・ドラマ・小説などの物語にふれること。', '好きな食べ物は、卵料理、アイス、チーズ料理、タイの目のまわり。'], 'negative_description': [], 'other_description': ['将来の夢は、表現できる仕事、1人でも多くの人を笑顔で幸せにすること。', '']}"
20021210,ドラフト 3期,中野美来,なかの みらい,みぃちゃん,奈良県,,中野麗来,,研,"['中野麗来', ' （元NMB48）']",1,A型,164.0,"{'positive_description': ['長所は、どんな事も頑張るところ、明るいところ。', '趣味は、食べること、ママとショッピング、かわいい小物集め。メイク道具集め。', '特技は、ブラインドタッチ（パソコン早打ち学年1位）、ヘアアレンジ、走り高跳び、節約。', '好きな食べ物は、野菜、ママの作るごはん。'], 'negative_description': ['短所は、泣き虫。'], 'other_description': ['将来の夢は、NMB48のセンター！。', '']}"
20010412,6期,南波陽向,なんば ひなた,ひなちょ,奈良県,,,,研,,1,B型,157.0,"{'positive_description': ['特技は、暗記すること、楽器演奏(管楽器・打楽器・弦楽器)、 走ること、「はちがとぶ」の歌に「る」入りで歌える。', '趣味は、動物とたわむれる、Youtubeで大食い動画を観る、ムラサキのものを集める、料理。', '好きな食べ物は、チーズ、野菜（トマト、アボカド、なすが特に好き）、フルーツ、鶏肉。'], 'negative_description': [], 'other_description': ['将来の夢は、頭の良いタレント。', '']}"
20010315,6期,原かれん,はら かれん,かれんたん,大阪府,,,,研,,1,不明,168.0,"{'positive_description': ['特技は、詐欺級の自撮りと加工、サスペンスの犯人を当てること。', '趣味は、メイクとファッションの研究、アクセサリ―のハンドメイド、海外アクション映画を観ること（あと、時代劇も）。', '好きな食べ物は、インスタ映えスイーツ、中華クラゲ、チャナマサラ、タッカンマ、 オレンジチキン、塩タン、レバー、パンケーキ、きゃべつ、たまご、ブリトー、チーズ。'], 'negative_description': [], 'other_description': ['将来の夢は、てっぺんをとること、世界進出。', '']}"
20030210,6期,堀ノ内百香,ほりのうち ももか,ももか,兵庫県,,,,研,,1,B型,154.0,"{'positive_description': ['特技は、ギター、バレーボール、ひよこ口、ダンス。', '趣味は、料理、ギター、ダンス、爬虫類鑑賞。', '好きな食べ物は、焼肉、チーズ、甘いもの、辛いもの。'], 'negative_description': [], 'other_description': ['将来の夢は、マルチタレント。', '']}"
20000926,ドラフト 3期,前田令子,まえだ れいこ,れいこ,大阪府,,,,研,,1,B型,161.0,"{'positive_description': ['長所は、根性・体力がある、一途。', '趣味は、アイドル鑑賞、絵を描くこと、大食いの動画を観ること、カワイイ女の子を探すこと。', '特技は、指ずもう、絵を描くこと、早歩き、人をほめること。球技全般強い。', '好きな食べ物は、オムライス、アイス、お肉。'], 'negative_description': ['短所は、ネガティブ。'], 'other_description': ['将来の夢は、マルチタレント。', '']}"
19990512,ドラフト 3期,溝渕麻莉亜,みぞぶち まりあ,まりりん,兵庫県,,,,研,,1,B型,159.0,"{'positive_description': ['長所は、ストレスが溜まらないところ。', '趣味は、グミを食べること、カフェ巡り、日本史の勉強をすること、モノマネ。', '特技は、日本史、逆立ちからブリッジ、肩をまわすこと、散歩。ほっぺたを最大限に伸ばすこと。', '好きな食べ物は、メロンパン、グミ。'], 'negative_description': ['短所は、そそっかしいところ。'], 'other_description': ['将来の夢は、女優。', '']}"
20010402,ドラフト 3期,南羽諒,みなみ はあさ,はあさ,大阪府,,,,研,,1,A型,160.0,"{'positive_description': ['長所は、ネガティブ発言しながらも 結局は最後までやりきるところ。', '趣味は、釣り、動物と触れ合うこと、寝ること、一人映画鑑賞。', '特技は、金魚の水槽掃除、ダンボールで小物を作ること、一輪車、乗馬。', '好きな食べ物は、おにく。'], 'negative_description': ['短所は、すぐネガティブ発言してしまうところ。'], 'other_description': ['将来の夢は、牧場経営、珍獣ハンター。', '']}"
20050516,6期,三宅ゆりあ,みやけ ゆりあ,ゆりあ,京都府,,,,研,,1,A型,156.0,"{'positive_description': ['特技は、家の夜ごはんを作ること、習字、茶道、ドラム。', '趣味は、ドラム、家庭料理、恋愛ドラマを見ること。', '好きな食べ物は、焼肉、たこ焼き、スイカ、おかし。'], 'negative_description': [], 'other_description': ['将来の夢は、NMB48のセンターになること NMB48の顔と言ってもらうこと。', '']}"
20010721,ドラフト 3期,山崎亜美瑠,やまさき あみる,あみるん,兵庫県,,,,研,,1,O型,155.0,"{'positive_description': ['長所は、いつも明るく笑顔、やると決めたら諦めない。', '趣味は、YouTubeを見ること、ショッピング、映画鑑賞。弾き語り、料理。', '特技は、歌、フラフープを延々と回す、ピアノ、ギター、動物と仲良くなること。皆さんを笑顔にする事、ネタのコピー。', '好きな食べ物は、ナス、ごまどうふ、フルーツ。フルーツのなかでもイチゴ。', '好きな映画は、ハリーポッターシリーズ、ティム・バートン監督作品。', ""好きな服のブランドは、BUBBLES、WHO'S WHO gallery、VOLCAN&APHRODITE、snidel。"", '好きな色は、黒。'], 'negative_description': ['短所は、寂しがり屋、ビビり。', '苦手なことは、辛いもの、高いところ、ジェットコースター、お化け屋敷。'], 'other_description': ['将来の夢は、最強のアイドル、歌手。', '旅行に行くなら、シンガポール、グアム、ハワイ。', '男性と付き合うなら、「美瑠さん（即答）」。', '']}"
20001212,6期,横野すみれ,よこの すみれ,すーちゃん,大阪府,,,,研,,1,A型,160.0,"{'positive_description': ['特技は、料理、人の年齢を当てれる、1人ミュージカルごっこ、速く走ること。', '趣味は、コスメ集め、観劇・お笑いライブに行くこと、 抹茶スイーツ巡り、美女ハンター。', '好きな食べ物は、抹茶スイーツ、タピオカドリンク。'], 'negative_description': [], 'other_description': ['将来の夢は、女優。', '']}"
