active,attributes,birthday,blood_type,enrollment,full_name,height,kana,nickname,note,prefecture,promotion,sister,team1,team2
1,"{'positive_description': ['長所は、みんな大好きなところ。基本、プラス思考。', '好きなアニメは、『銀魂』', '実はかなりのアニメオタク。「『けいおん！』の澪ちゃんが大好きで、普段はアニメばかり観ているし、音楽は『けいおん！』とAKB48しか聴きません（笑）」。休日はアニメを観ているか、アニメショップに行く。', 'コスプレも好き。', '趣味は、音楽鑑賞（ジャンル問わず）。お笑い番組を見ること。アニメを観る。アニソンを聴く。アイドルDVD鑑賞。漫画を読む。', '特技は、フルートを吹くこと。', '好きな教科は、数学と倫理。', '好きな食べ物は、お母さんが作ってくれたコロッケ。ソースとかは付けないのがこだわり。イチゴ。', '好きなお菓子は、チューイングキャンディ。', '好きな飲み物は、水かな。', '好きなイチゴの品種は、あまおう。', '得意な料理は、「肉じゃが！\u3000作ったことないけど！」', '好きな中華料理は、「杏仁豆腐...ってゆうのは嘘♪」', '好きな自分の顔のパーツは、ほっぺ。', '好きな自分の体のパーツは、腕。「えーっと..考えときます」', '好きなテレビ番組は、『しゃべくり007』', '好きな映画は、『崖の上のポニョ』『GIRL』', '好きな本は、重松清の『きよしこの夜』', '好きな女優は、相武紗季、桐谷美玲。', '好きな芸人は、「最近はあんまり詳しくないの」', '好きなアイドルは、。「推しメンはりかたそ（志村理佳）」', '好きなアーティストは、いない。「アイドルが好きです:-)」「決められないです」flumpool。', '好きな歌は、Funny Bunny。', '好きな公演ユニットは、『黒い天使』。「いつかやりたい！！」', '好きなSKEの曲は、『』。「茉夏ちゃんを好きになった曲」', '好きな夏歌は、ケツメイシの『夏の思い出』', '好きな本は、アレックス シアラーの『13ヶ月と13週と13日の満月の夜』', '好きなゲームは、AKB1/48。「やったことないけど！」', '好きな色は、ピンク、白、パステルカラー。', '好きな数字は、「7」、「100」。', '好きな花は、「いろいろあるけど時期的に向日葵かな？」', '好きなスポーツは、ラクロス。「観るなら野球、次点でサッカー」', '好きなブランドは、HoneymiHoney、miu miu、choosy chu、JIMMY CHOO。', '好きな服は、「女の子らしい服装！白のレースとかそうゆうの」', '好きな場所は、「んー‥新宿かな」', '好きな香水は、「分からないです」', '好きな遊びは、コスプレ（してみたい）。', '好きな季節は、春。「春服が好きだから」', '好きな戦国武将は、伊達政宗。', '好きな動物は、うさぎ。', '好きな犬種は、トイプードル。', '好きな都道府県は、千葉、宮崎。', '好きな海外の国は、イタリア。「美味しい食べ物がいっぱいあるから」', '好きな言葉は、「死ぬ気でやれ、死なないから」', '好きな四字熟語は、入山杏奈。', '好きな時間帯は、16時～18時と23時～4時。「なんとなくだけど(笑)」', '好きな男性のタイプは、「黒髪・眼鏡・白衣の三拍子！」。「①黒髪②足がキレイ③医者、それか理科の先生か保健の先生。白衣を着ているとこが重要！\u3000ものすごく重要です！\u3000はい、わたしアニメ好きなんです。ええ、その世界のイメージです（笑）」着物が似合う人。そっけないけど、優しい人。', '好きな男性の服装は、「よくわからない‥きちんとしてる人で(笑)」', '足首フェチ。後ろから見てキュッとなってる足首が好き。', '好きな異性の仕草は、汗をTシャツでぬぐう。', '好きな女性の仕草は、女の人が腕や脚を組むとき。', '自分が出てるMVで好きなのは、「」。「自分が出てるMVで多分1番「次のSeason」が好きなんだけど、久しぶりに見てみたらなんかすごく泣けたT_T UZAのカップリング曲なので、機会があったらぜひ見てみてください☺️」'], 'negative_description': ['短所は、すぐ泣く。腕が長い。', '嫌いな食べ物は、杏仁豆腐、野菜、お肉、お魚、お米。トマトとキュウリ以外の野菜全部。好き嫌いは非常に多い。'], 'other_description': ['クールな表情を見せる事が多いが、実は人懐っこい性格。いつもにくっついているとか。', '必殺技は、「私の特徴は、目から“杏仁ビーム”が出ることです。当たると『あんにんにラブずっきゅん』と自然に言ってしまうというすごいビーム」。「目の強いところが私と同じにおいがする。お互い、目からビームを出しながらがんばりましょう」', '部活は吹奏楽部。担当はフルート。', '姉がいる。', '今一番欲しいものは、執事。', 'ファブリーズを持ち歩いている。「公演がある時は、先輩の衣装を借りて出ることになるので、汗の匂いが残っていたら申し訳ないので、2ヶ月くらい前に買いました。私自身は匂いを気にするタイプではないし、匂いフェチでもないので、自分の服だと気にしません（笑）」', '']}",19951203,B型,10期,入山杏奈,160.2,いりやま あんな,あんにん,['太田プロダクション所属'],千葉県,20110723,,A,
1,"{'positive_description': ['長所は、大人っぽいところ。', '趣味は、ピアノ。バイオリン。両方習っていた。料理。本を読む。', '特技は、ピアノ。一輪車。', '好きな食べ物は、桃。果物全般。グラタン。', '好きな男性のタイプは、優しくて頭の良い人。', '好きな自分の身体のパーツは、足。', '好きなスポーツは、水泳。', '好きな動物は、犬。', '好きな映画は、「花より男子」', '好きな歌は、絢香の『三日月』', '好きな本は、恋愛小説、', '好きな色は、ピンク。水色。', '好きなサイリュームの色は、「やっぱりチームカラーの黄色かな！\u3000まぁ好きな色はピンクだけど（笑）」', '好きな数字は、10。7。', '好きな国は、スウェーデン。'], 'negative_description': ['短所は、しつこいところ。時々うるさい。', '苦手な事は、走ること。', '嫌いな食べ物は、納豆。苦い野菜全般。'], 'other_description': ['性格は落ち着いており、大人の風格。', 'キャンピングカーを持っており、よく家族でキャンプに行く。', '一番欲しい物は、運。', '']}",19970710,B型,10期,加藤玲奈,160.0,かとう れな,れなっち,['Mama&Son所属'],千葉県,20120324,,A,
1,"{'positive_description': ['趣味は、歌ったり踊ったりすること。', '特技は、歌・ダンス。', '得意科目は、社会と英語。', '好きな食べ物は、アイスクリーム、ソフトクリーム。ちなみにカップ派で、好きなアイスの味は「チョコレート味です！でも、バニラもいいなー」', '好きなアーティストは、松田聖子。「聖子さんに憧れてなりたいと思いました」', '好きな色は、ピンクor水色。'], 'negative_description': ['虫が大嫌い。', '嫌いな食べ物は、バナナ。「バナナ赤ちゃんの頃から嫌いなんです」きゅうり。'], 'other_description': ['中学校では学級委員。「皆の代表として怒られる事が多いです(笑)」', '']}",20010520,O型,ドラフト 1期,後藤萌咲,168.0,ごとう もえ,もえきゅん,['卒業予定（活動終了日未定）'],愛知県,20140125,,A,
1,"{'positive_description': ['長所は、なんでも「なんとかなる！」と思えること。', '趣味は、ダンス。', '特技は、書道。ピアノ。', '好きなスポーツは、バレー。バスケ。', '好きな食べ物は、いちご。', '好きな飲み物は、カルピス。「ちなみに、〇〇ティーとか飲めない」', '好きな色は、ピンク。', '好きなキャラクターは、マイメロディー。', '好きなタイプの男性は、とにかく優しい人。優しくてお洒落な人。'], 'negative_description': ['短所は、マイペース。'], 'other_description': ['性格は、すごくマイペース。子供っぽい。物事を深く考えないタイプ。', '部活はバレー部に所属していた。', '高校ではダンス部に所属。「踊っているときが一番楽しい」', '家族構成は（2012年6月現在）、祖父・祖母・父・母・兄（24歳）兄（20歳）・本人。', '']}",19960108,B型,13期,篠崎彩奈,155.0,しのざき あやな,あやなん,,埼玉県,20130824,,A,
1,"{'positive_description': ['特技は、人を元気にさせられるところ。', '趣味は、ダンスをおどること、曲をきくこと、マンガを読むこと。', '好きな食べ物は、ラーメン。'], 'negative_description': [], 'other_description': ['アピールポイントは、元気なところ。', '']}",20040902,A型,16期,鈴木くるみ,151.0,すずき くるみ,くるるん,,東京都,20171208,,A,
1,"{'positive_description': ['特技は、ウインク。', '趣味は、可愛い子を見ること。', '長所は、冷静。', '好きな食べ物は、マカロン、メロンパン。', '好きな言葉は、「がんばれ」。'], 'negative_description': ['短所は、人の気力に負けてしまう。'], 'other_description': ['アピールポイントは、福耳。', '']}",20031212,不明,16期,田口愛佳,152.0,たぐち まなか,まなか,,神奈川県,20171208,,A,
1,"{'positive_description': ['長所は、なんでも諦めずに頑張れること。', '趣味は、料理と48グループの写真集め。', '特技は、どんな曲でも母音で歌えること。一輪車。', '好きな食べ物は、オムライス。', '好きな言葉は、「奇跡」「ありがとう」'], 'negative_description': ['嫌いな食べ物は、納豆、トマト、チーズ。'], 'other_description': ['短所は、1つのことに集中すると周りが見えなくなること。負けず嫌い。', '']}",20031027,不明,ドラフト 2期,千葉恵里,162.0,ちば えりい,えりい,,神奈川県,20170927,,A,
1,"{'positive_description': ['趣味は、読書（マンガを読むこと、小説も読みます！たまに…）、ドラマを観ること、友達とおしゃべり。', '特技は、ダンス、高速三つ編み。', '好きな食べ物は、おつまみ系、フルーツ、ゼリー、プリン。', '好きな言葉は、「努力は必ず報われる」（さんが言っていて、心に残りました！）。'], 'negative_description': ['短所は、涙もろい。すぐ感動して泣いちゃう。声が大きい。', '嫌いな食べ物は、たまねぎ、ネギ、ニラ、ニンジン。'], 'other_description': ['長所は、いつも笑ってる。いろんな人と仲よくなれる。明るく社交的、負けず嫌い。', '']}",20031025,B型,ドラフト 2期,西川怜,161.0,にしかわ れい,れい,,東京都,20170927,,A,
1,"{'positive_description': ['アピールポイントは、勉強、特に数学が大好きで、中国に約4年住んでいた帰国子女。', '特技は、ピアノ、変顔。', '趣味は、音楽を聴くこと、料理、寝ること。', '長所は、明るい。', '好きな食べ物は、唐揚げ。', '好きな言葉は、「向上心」。'], 'negative_description': ['短所は、自分に厳しすぎる。'], 'other_description': ['']}",20001218,O型,16期,前田彩佳,158.0,まえだ あやか,あやか,,神奈川県,20171208,,A,
1,"{'positive_description': ['長所は、プラス思考。あまり深く考えない。', '特技は、美輪明宏のモノマネ。ボディボード。側転。吹奏楽。', '好きな食べ物は、ネバネバ。おやつ昆布「とろべ～」が好きで、昔は色々な所でネタにされていたが、もう「とろべ～」は飽きたらしい。', '好きな色は、ピンクと白。', '好きな男性のタイプは、背が高くて、おもしろくて、血管が綺麗な人。ノリのいい人。服装はリュックの様なラフな格好。「私と似てて性格とか重なる部分がある人」', '趣味はショッピング。カラオケ。', 'ケアベアが好き。からもスワロフスキーが付いたぬいぐるみとストラップを貰った。AKBプロファイリングというコーナーで宮崎の部屋が放送されたが、大量のケアベアグッズが登場していた。ちなみに篠田曰く「みゃおにあげたケアベアも映っていた」らしい。', 'レジが好きで、家にもあり、それで遊んでいるらしい。『』ではコンビニのレジ店員のバイトを体験したが、教えられていない事までこなすなど、異様にしっかりしており、セブンイレブンのトレーナーにも誉められた。', '注射が大好き。', 'ホラーが好きで、多数のホラー映画やゲームを所有している。本人曰く「ホラー映画でよく後ろから襲ってくるシーンがあり、夜に一人で見ると、ホラー映画みたいに襲ってきたらどうしよう…という恐怖感を味わうために見ている」。狂犬どころか、Mっ気があるらしい。'], 'negative_description': ['短所は、心配性。', '苦手な食べ物は、あんこ。トマト。お刺身。お寿司。', '嫌いな男性のタイプは、長髪（後ろで結んでいるような）。ヒゲ。ブーツインしている人。', '運動は苦手。足も遅く、50メートル走が10秒21だった。'], 'other_description': ['性格は、サバサバして負けず嫌い。', '「実際の私はすごいナイーブなところがあるんです。その人からすると冗談で言ったような事でも、私自身は引きずるタイプで…。些細なことに見えても、結構傷ついてることもあるんですよ。でも、しっかり怒られた時には『まあ、いいや』って聞き流すタイプだったりします（笑）」', 'チャームポイントは、目。', 'アンケートなどの字が汚い為よく怒られるが、実は習字を習っており、本当は字が上手い。DVDのタイトルも自身が書いたもの。', '学校では、「てかさ、あの子だれ？」「だれ？\u3000知らない！\u3000いたっけ？」「…まぁいっか」ぐらいの陰キャラ。宮崎がAKB48って事をみんな知らないらしい。', '部活は吹奏楽部で、ホルンやトランペットを担当。', '芸能人女子フットサルチーム「XANADU loves NHC」に所属。背番号は「30」。', 'ペットでハムスターを飼っており、「世界一のハムスター愛好家」と豪語している。', '姉がいる。', '']}",19930730,O型,5期,宮崎美穂,160.0,みやざき みほ,みゃお,['ホリプロ所属'],東京都,20080713,,A,
1,"{'positive_description': ['趣味は、ドラマを見ること。', '特技は、フラフープしながらキャッチボール', 'インドア派。「めちゃめちゃインドア。おうちだいすき」', '好きな食べ物は、プチトマト、タン塩、チーズ。', '好きな果物は、「もちろん苺」', '好きなブランドは、LIZ LISA。', '好きな教科は、歴史、音楽。', '好きな色は、パステルカラー、黒。「正反対。笑」', '好きなサイリウムの色は、ピンク、白。'], 'negative_description': ['苦手なものは、「ホラーと耳元にくる蚊です」', '嫌いな食べ物は、マヨネーズ。'], 'other_description': ['中学時代は硬式テニス部。今は部活に入っていない。', '将来の夢は、女優。「特にいつか学園ドラマの主役をやってみたいです」', '']}",19980129,O型,15期,向井地美音,150.0,むかいち みおん,みーおん,['AKB48グループ総監督'],埼玉県,20140224,,A,
1,"{'positive_description': ['趣味は、16期生みんなとはなすこと、ぜんぜん弾けないギター。', '特技は、ファンの方へ好きな気持ちを伝えられる。モノマネ。', '長所は、誰とでもすぐに話ができる。なんでもポジティブに考えられる所。', '好きな食べ物は、綿菓子。', '好きな言葉は、「くしゃみ」。'], 'negative_description': ['短所は、ギリギリまでしない所。'], 'other_description': ['アピールポイントは、まつ毛がすごく上がる。', '阪神タイガースファン。', 'お披露目時のMC自己紹介では、「お母さんと間違えて違う人について行ってしまった」との事である。', '左利きである。', '']}",20000811,A型,16期,山根涼羽,160.0,やまね すずは,ずんちゃん,,兵庫県,20181208,,A,
1,"{'positive_description': ['長所は、ポジティブ。', '趣味は、カラオケ。東京探索。音楽鑑賞。', '特技は、ドラム。側転、逆立ちなどの器械体操。習っていた訳ではないが、友達が習っていて、格好良いと思い真似したら出来た。鏡文字を書けること。', '好きな食べ物は、ぶどう、スンドゥブ、餃子。焼き肉、牛丼。子供の頃に両親が肉を全然食べない子だと勝手に思い込んでいたらしく、ほとんど食べてこなかったが、肉うどんを食べた後、肉食系に目覚めた。', '得意料理は、ハンバーグ。餃子。', '牛丼は好きだが、店で一人で食べる勇気はまだない。いつもテイクアウト。', '好きな飲み物は、オレンジジュース。アイスティー。タピオカ。', '好きなブランドは、アースミュージック＆エコロジー。one spo、LOWRYS FARM。', 'ファッションのこだわりは、「セーラーカラーがついていたり、マリンっぽい服が好き」島田曰く、最近はずいぶんまともになってきた方で、高橋みなみや柏木由紀によく相談しているとか（だが、どちらもダサいと言われている人たち）。地方組には聞かないらしく、理由を尋ねると、苦笑しながらその場を立ち去った。', '好きな街は、吉祥寺。', '家の中で好きな場所は、トイレ。', '好きな季節は、冬。理由は、自分が生まれた季節だから。', '好きなアニメは、『メジャー』', '好きなマンガは、『名探偵コナン』', '好きなドラマは『ホタルノヒカリ』。「あ、干物女だ」。 ', '好きな映画は、『名探偵コナン』『E.T』', '好きな作家は、東野圭吾、山田悠介。', '好きな京都弁は、「～はる」', 'AKBで好きな曲は『』。', '好きな音楽は、J-POP。洋楽はあまり聴かない。', '好きな自分の顔のパーツは、猫のえくぼ。', '好きな自分の身体のパーツは、手。', '好きな男性のタイプは、スポーツできる人。夢を持っている人。いい声の人。ゲームができる人（クレーンゲームとかでも可）。「夢があって人生を楽しんでる人」私より頭が良い人。', '「恋愛にはもともとあんまり興味が…、ない」でもの暴露によると、「すんげえイケメン好き」らしい。', '小学校の時に、友達と好きな男の子と4人で交換日記をしていた。「（好きだって）気持ちをアピールしたりはできなかったけど」', '声フェチ。「芸能人とかで特にこの人！っていうのはいないけど、自分が良い声やなって思う人が好き。低くても高くてもよくて、どっちかというと声質の問題…？\u3000あと、歌が上手い人も好きです」', '好きなスポーツは、バスケ、テニス、陸上。テニス。「実は小5と小6の時テニス習ってました！」', '好きなお笑い芸人は、「昔からチュートリアルです。以前は、彼らの漫才を全部再現できました」', '好きな動物は、鳥、犬、猫、チーター。', '好きなペットは、鳥（オカメインコ、コザクラインコ）。実家では鳥を飼っていた。のが大の鳥好きとして有名で、2010年の紅白（？）か何かで会った時に、話をする機会があり、仲良くなったとか。', '好きな海外の国は、アメリカ。', '好きな色は、紫、白、黒、ピンク。', '好きな数字は、「1」「12」「8」。', '好きな言葉は、「挑戦」。'], 'negative_description': ['短所は、短気。', '一人暮らしだが、もともと一人でいるのが嫌いではないので、そんなに寂しくはない。', '嫌いな食べ物は、グリンピース。'], 'other_description': ['性格は、「人生で1回も悩んだ事がなくて、あとはなんやろ、負けず嫌いかな」', 'はんなり（落ち着いたはなやかさを持つさま。上品に明るいさま）に見えて、実はとてもストイックな体育会系。かなり男らしい性格。', 'からは「腹黒」と言われている。大場「そこまで腹黒くはなかったかな。多少はね。そりゃ人間ですものね」', '9期の同期からは、「声が特徴的」と言われている。', '自分では9期生の中で一番おもしろいと思っているが、みんなからは「おもんない」と言われている。', '口癖は、（悩むときに時間を稼ぐための）「あ～」「え～」「う～ん」「なんやろな〜」。', '誕生日は12月8日で、AKB48シアターのグランドオープン日（AKB48のデビュー日）と一緒。メンバーだと、が同じ誕生日で、横山の母親も同一日。', 'アウトドア派。', 'AKB48に入っていなかったら、「音大に行きたかったので、音大生だったかも」', '自分を動物に例えると、ネコ。', '自身に似ているというキャラクター・ニャンちゅうのぬいぐるみを可愛がっている。', '吊り目が特徴だが、よく“睨んでいる”と思われる。視力はあまり良くなく、「B」。', '筋肉質で、腕や足は太い。でも、細い手首はお気に入り。大場美奈には「美脚」と言われているが、絶対ウソだと思っている。', '公称バストサイズは74で、決して大きくはないが、「私そういうのなんかね、気にしない系なんですよ。なんやろ、どうでもいいっていうか（笑）」', 'ウエストは60。「研究生公演が続いている時に、一時すごい痩せて細くなったので、そのくびれを大切にしたいと思います」', '実は大食い。「食べる時はめっちゃ食べます」', '研究生時代に雑誌の撮影で、渋谷ハチ公前で牛丼を食べさせられた。「これって罰ゲームですか（笑）」「あ、でも楽しかったですよ。撮影じゃないと体験できないじゃないですか（笑）」', '成人後は酒を嗜んでいる。「梅酒とかレゲエパンチを飲みます」', 'によると、いらない服をあげると横山はどんな服でも喜んでもらってくれる。指原莉乃や高橋みなみというAKBのダサキャラから貰う事も多く、「私服コレクション2011」では、ワースト1に選ばれてしまった。「入った当初は、大丈夫かってぐらいおブスファッションだった」。「由依が可愛い格好してるの見たことない…」「おブスっていうより、地味なんだと思います。だいたいジーパンにTシャツですから。でもダサいダサいって言われすぎて、ちょっと可哀想…」', '北原里英がブログに掲載した横山の私服姿もかなりのもの。北原「来たときの格好のインパクトがはんぱなかった…！\u3000き も す ぎ る\u3000なんかきもちわるい！」この画像はファン上でも話題になり、すっかりネタ画像として使われる羽目に。だがこれに対して怒りの反論。「あれはレッスン着ですから！\u3000ミッキーのカチューシャも前の日に友達とTDLに遊びに行った時に買ったもので、レッスンの後にあれを付けて洗顔をしていただけ。ちなみに、手に持ってた八つ橋は、友達がお土産に持ってきてくれたものです」。普段はこの時の様な格好で外を出歩く事はないそうだ。', '（2011年7月現在の）マイブームは、香りの良い入浴剤を集めること。', 'カラオケの十八番は、いきものがかりの『さくら』『帰りたくなったよ』', '理想の彼氏は、「誰に対しても態度が変わらない人！」', '理想のデートは、ゲームデート。', 'ツンデレかデレデレかでいうと、ツンツン派。「デレの要素が見あたらないからツンツン！」', '入浴時間は、長いときは2時間、短いときは10分。', 'お風呂で最初に洗う所は、顔。', '結婚願望は今のところなし。', '楽器は、ドラムとピアノが弾ける。', '上京後は猫を飼っている。名前は「ビス」（2012年8月9日生）で、他のメンバーのGoogle+にも頻繁に登場している。「（ビスは）昼間はいつも寝てます。名前をよんだら振り向きます。お利口さんです！」', 'よく見るサイトは、地元の友達のブログ。「大学生活を頑張ってるなーって。特にコメントはしないんですけど（笑）」', '3歳上の姉がいる。', '']}",19921208,B型,9期,横山由依,159.0,よこやま ゆい,ゆいはん,['太田プロダクション所属'],京都府,20101010,,A,
1,"{'positive_description': ['特技は、ずっとジャンプが出来ること。', '好きな食べ物は、「美味しいもの～♪」', '好きなケーキは、ショートケーキとチョコケーキ。', '好きな麺類は、パスタとラーメン。', '得意料理は、「オムライスにケチャップでハート書く事。文字は難しくて書けないの」', '好きなアニメ、マンガは、「ワンピース」「暗殺教室」「黒執事」。「こみ少年系が好きなんです」', 'ラブライブ、ガンダムが好き', '好きな洋服ブランドは、リズリサと、アンクルージュ。「ふわふわしてるお洋服が好きだな」。普段はスカート派。', '好きな動物は、うさぎ。', '好きなサイリウムの色は、 ピンク、白、青。'], 'negative_description': [], 'other_description': ['今までスポーツの経験はなく、AKB48のダンスが初めて。', '将来の夢は、マルチな女優。', '']}",19980912,B型,15期,込山榛香,154.0,こみやま はるか,こみはる,['チームKキャプテン'],千葉県,20140224,,K,
1,"{'positive_description': ['趣味は、絵を描くこと、ダンス。', '特技は、歌、ダンス、走る。ダンスは1年間やっていた。', '得意科目は、体育、音楽、理科。', 'AKB48グループで好きな曲は、「10年桜」「RESET」「桜、みんなで食べた」など。チームKで好きな曲は、「スクラップ&ビルド」。'], 'negative_description': [], 'other_description': ['小学校の時は、ブラスバンド部に入っていた。担当の楽器は、バリトンサックス。', '中学校では、委員会は歌声委員会、係は音楽係り、号令係り、議長係り、音楽パートリーダー、部活は合唱部。なお、「歌声委員会」の活動は「帰りの会で、みんなに歌を歌ってもらう。音楽の時に並ばせます！」とのこと。', '現在の悩みは「クラスの友達が恋話をし始めたけど、48グループは恋愛禁止だから近寄らないようにしてること。話についていけないのがさみしいんです」。', '将来の夢は、歌手、女優、探偵。', '']}",20010719,O型,ドラフト 1期,下口ひなな,161.0,しもぐち ひなな,ひなな,,千葉県,20140125,,K,
1,"{'positive_description': ['特技は、テニス、料理。', '趣味は、ポスターに話しかけること、テニス、料理。', '長所は、あまり怒らないところ。', '好きな食べ物は、オムライス、サラダ。', '好きな言葉は、「魚はたたかれても干されても味を出す」。'], 'negative_description': ['短所は、考えすぎちゃうところ。'], 'other_description': ['アピールポイントは、茶色の瞳。', '']}",20001102,O型,16期,長友彩海,161.0,ながとも あやみ,あやみん,,神奈川県,20181208,,K,
1,"{'positive_description': ['趣味は、少女漫画を読むこと。カラオケ。', '特技はダンス。小学校1年生の頃からダンスを習っていた。また体が柔らかい。', '長所は、壁を作らない性格。人当たりが良いところ。', 'アイドル好きであり、特にハロー!プロジェクトが好き。アイドルの写真集を買い、ポージングなどの勉強をしているらしい。ちなみに『』で買ったのは、矢島舞美の『17』という写真集。', '好きな男性のタイプは、「他人に優しく、私にはもっと優しい人」。「クールなんだけど、実は優しくて、笑顔が素敵なマンガみたいな人」', '好きな食べ物は、エビ、韓国のり、肉じゃが、コロッケ。', '好きな色は、青。', '好きな雑誌は「Sカワ」', '好きな街は、原宿。', '好きなブランドは、「LOVE GIRLS MARKET」「シャーロットロンソン」「titty&co」', '好きな季節は、冬。'], 'negative_description': ['短所は、とにかくネガティブ。', '嫌いな食べ物は、納豆。'], 'other_description': ['AKBのバラエティ担当として明るいイメージが強いが、実は性格はネガティブ。そのため、同じネガティブ指向の北原、指原とは気が合うとか。また、3人でネガティ部を結成している。あと気分屋。', 'AKBに入って一番辛かった事は「格差社会」', 'カラオケの十八番は、「オリビアを聴きながら」', 'もう一つは高速ベロ。その名の通り、舌を高速で動かす（イジリー岡田のアレ）。', 'チャームポイントは、長い上下のまつげ。', '何かに集中していると人の話を聞かない。「最近よくAKBメンバーに怒られるんですよ。あっちゃんに話しかけられているのに、『あっゴメンね。全然聞いてなかった…』って言うと怒られるんですよ」', 'は峯岸について、「私と同じくらいの年にみえるし、すっごい子供だなって思うときもあるし、その子供の部分を悪用してるときもあるし、確信犯です（笑）。だから、小悪魔疑惑があります」。', '高校はたまにしか行けなかった。', '口癖は、「割と」', '座右の銘は「勝っておごるな、負けて腐るな」。', 'やってしまう癖は、前髪を直す。', 'ブログのタイトルは、名言や哲学っぽいものなど凝っているものを付ける事が多い。本文よりタイトルを考える方が大変な時もあるとか。', '『』では弟の事がよく話題にのぼるが、「ゴツい」だの、「ナス」だのと言われている。峯岸は自身のブログで、3姉弟の（顔は隠れているが）を公開している。ちなみに弟は、推し。「顔きれいすぎでしょ！\u3000AKBで1番可愛い！\u3000ダメなとこがない！」とか。', '姉弟3人で三段ベッドに寝ている。', 'ペットは、ジョセフとシーザーという2匹の犬を飼っている。', 'デートで連れて行って欲しい場所はなし。朝起きられない彼氏の家に行きたい。', '幼稚園の頃の将来の夢は、保母さん。', '占いは信じる方。', '両親は板橋区高島平で「ティールーム\u3000タネ」という喫茶店を営業。', '']}",19921115,B型,1期,峯岸みなみ,158.0,みねぎし みなみ,みいちゃん,['プロダクション尾木所属（業務提携：Mama&Son）'],東京都,20130824,,K,
1,"{'positive_description': ['特技は、フルコンタクト空手（小4のとき、全国大会準優勝）。', '趣味は、犬の散歩、映画鑑賞。', '長所は、マイペース。', '好きな食べ物は、アイスクリーム。', '好きな言葉は、「夢いっぱいの小さなこぶしは決して自分を裏切らない」。'], 'negative_description': ['短所は、優柔不断。'], 'other_description': ['アピールポイントは、白い肌、ほっぺたにできるえくぼ。', '']}",20000722,AB型,16期,武藤小麟,153.0,むとう おりん,おりん,['武藤十夢'],東京都,20171208,武藤十夢,K,
1,"{'positive_description': ['長所は、落ち着いているところ。いざという時には頼りになるところ。「真面目でバカがつくくらい正直なとこって友達に言われました」', '趣味は、ピアノ。ヒップホップダンス。寝ること。', 'ディズニーが好き。東京ディズニーリゾートの年間パスポートを所持していたほど。幼稚園に入る前は、父親に連れられて週3回東京ディズニーランドに通っていた。', 'AKB48とディズニーしか音楽を聴かない(知らない)。ディズニーで好きな曲はエレクトリカルパレード、アリス、ナイトメア、ピーターパンの曲。', '少女マンガを読むのが好き。一番好きなのは「悩殺ジャンキー」。最近は少年マンガも読む。', '好きな食べ物は、フルーツ全般。アイス。ラーメン。特に味噌ラーメン。', '好きな飲み物は、炭酸飲料。栄養ドリンク。紅茶。', '好きな教科は、音楽。数学。', '好きな色は、青。黒。ピンク。', '好きなキャラクターは、リラックマ。センチメンタルサーカス。', 'AKB48を好きになったきっかけの曲は、『』', '好きなスポーツは、ダンスとバスケ。', '好きな動物は、犬と猫。', '好きな言葉は「成せばなる」。', '好きな男性のタイプは、「優しい人。でも、好きになった人がタイプです」'], 'negative_description': ['短所は、一つのことを考えだすと、ボーッとしちゃうところ。適当なところ。', '嫌いな食べ物は、辛いものと苦いもの。', '苦手な飲み物は、コーヒー。', '苦手な教科は、英語。'], 'other_description': ['性格は、マイペースで、面倒くさがり。AKBに入るまで、あがり症で内気なタイプだった。', 'ピアノは3歳から高校2年生まで習っていた。', '中学ではダンス部に所属していた。', '休日の過ごし方は、「家で寝てたり、1人で買い物したりしてると思います」', '「私、普段まったくスカート履かないんですよ。最初は握手会でジーンズ履いて行ったら、大ブーイング（笑）。最近はスカートも履くようになったけど、プライベートでは今でも4ヶ月に1回ぐらいかな」', '料理は苦手。得意料理は、ゆで卵。', 'ペットは、たくさんの金魚。', '']}",19941125,B型,12期,武藤十夢,156.0,むとう とむ,とむ,['武藤小麟'],東京都,20120824,武藤小麟,K,
1,"{'positive_description': ['長所は、明るいところ。', '趣味は、アイドル鑑賞。', '特技は、変顔。トランペット。', '好きな食べ物は、ポテトサラダ。', '好きな飲み物は、ココア。', '好きな色は、黒。濃いピンク。', '好きなキャラクターは、「キャラクターではないけど、豚のモチーフが好きです」。', '好きな男性のタイプは、面白くてモラルのある人。'], 'negative_description': ['短所は、なにかと照れがあるところ。'], 'other_description': ['性格は、明るくてポジティブ。', '']}",19970216,AB型,13期,茂木忍,162.0,もぎ しのぶ,もぎちゃん,,千葉県,20130824,,K,
1,"{'positive_description': ['特技は、アクロバット。', '趣味は、ダンス。', '長所は、元気、明るい。', '好きな食べ物は、メロン、桃。', '好きな言葉は、「努力は必ず報われる」。'], 'negative_description': ['短所は、短期。'], 'other_description': ['アピールポイントは、笑顔、ダンス。', '']}",20020311,A型,16期,安田叶,154.0,やすだ かな,かなぶん,,埼玉県,20171208,,K,
1,"{'positive_description': ['長所は、笑顔欠かさない！料理ができる！記憶力がいい！歌が好き！', '趣味は、お料理、音楽を聴くこと。動物の気持ちを理解すること、歌を歌うこと。', '特技は、ピアノ、歌を歌うこと。', '好きな食べ物は、タピオカ。', '好きな言葉は、「二兎を追う者は一兎をも得ず」。'], 'negative_description': ['短所は、鈍感。嬉しいときに喜びすぎて、まわりからへんな目で見られる。'], 'other_description': ['']}",20020705,O型,ドラフト 3期,矢作萌夏,158.0,やはぎ もえか,"['もえちゃん', 'ふくちゃん', 'もんた', 'もえか', 'はぎもえ', 'もえにゃ']","['矢作有紀奈', '（元SKE48）', '[1]']",埼玉県,20181208,矢作有紀奈,K,
1,"{'positive_description': ['得意なスポーツは、バレーボール、ダンス。', '好きな飲み物は、アサイージュース。。', '一番好きな果物は、いちご。', '得意料理はなし。「料理できません」', '好きな動物は、犬。', '好きなブランドは、INGNIやbabyshoop。', '好きなアーティストは、E-girls。', '好きな教科は、体育。', '好きな言葉は、「ありがとう」'], 'negative_description': ['嫌いな食べ物は、ゴーヤ。'], 'other_description': ['バック転ができるようになったのは、小学校5年生から。', '将来の夢は、世界に通用するアーティスト。', '']}",19971003,O型,15期,湯本亜美,156.0,ゆもと あみ,ゆあみ,,埼玉県,20140224,,K,
1,"{'positive_description': ['長所は、心が強い。', '趣味は、アイドルを観ること。', '特技は、たくさん食べてたくさん寝る。'], 'negative_description': ['短所は、自分のいいところが分からないところ。'], 'other_description': ['']}",19991205,B型,ドラフト 3期,大盛真歩,162.0,おおもり まほ,まほぴょん,,茨城県,20181208,,B,
1,"{'positive_description': ['性格は、一人好きの寂しがり。', '長所は、なんだかんだで心が折れない。', '趣味は、キッチン掃除。節約。', '特技は、尋常じゃないぐらいの治癒力。', '好きな男性のタイプは、「やんちゃなアホ。でも男らしくて、同性に好かれてて、しーちゃんの事が大好きな人」。「次の日、顔を思い出せない人」', '料理を作るのが好き。本人曰く、得意な訳ではない。指原曰く、結構いろいろ作ってくれるので、メンバーの中では上手い方。', '好きな漫画は『ドラゴンボール』。', '好きな雑誌は、『Popteen』か『お笑いポポロ』'], 'negative_description': ['短所は、ネガティブ。', '女々しい男が嫌い。絶叫マシーンに乗れなかったり、虫が嫌いな男はダメ。'], 'other_description': ['一人称は「うち」。', 'チャームポイントは、肌がキレイなところ。', '腕相撲には自信があり、以外には負けないとか。しかし、のと勝負したら負けた。', '座右の銘は、「自分が辛い時は、自分より辛い人が周りにいる」', '本気の彼氏には、尽くしたいタイプ。男（K太郎）からすると、重いタイプ。', '寝言が多い。', 'メンバー曰く、部屋が綺麗。', '潔癖症。電車の吊革、トイレのドアノブ、エスカレーターの手すりなど、すべて触れる事が出来ない。', '自分のジュースを他人に飲まれると、もう飲めなくなる。いくら仲の良いメンバー（）でも無理。', 'メンバーと一緒にお風呂に入るのは、絶対無理。', '福岡県出身なので、やっぱりラーメンは「とんこつ」しか食べない。', '昔は明太子が嫌いだったが、東京に来てから好きになった。', 'いつも変わったレッスン着を着ている。宮崎曰く「ドラゴンボールとかね、ガチャピンとムックとか。何を着てるんだと」。指原「しーちゃんはダサいね。ほんと裏切らない」。', '番組の企画で、2級小型船舶操縦士免許を取得している。', '']}",19911228,O型,4期,大家志津香,167.0,おおや しづか,しいちゃん,['ワタナベエンターテインメント所属'],福岡県,20100727,,B,
1,"{'positive_description': ['趣味は、カラオケ、カワイイもの集め、ゲーム。やるのはDSとPSP。得意のゲームは『太鼓の達人』などの音ゲー。', '特技は、とうもろこしを綺麗に食べられること、トロンボーン。肩の関節が柔らかく、手が頭の後ろを回り、反対側の耳を掴める事。痒かった時に自然とそう掻いており、最近できる事を知った。', '長所は、マイペース。協調性。', '好きな食べ物は、スイカ、サーモン。「スイカだけで生きていける自信がある」', '『』でAKB激辛部の部長を務めたが、実は辛いものが好きではない。', '好きな少女漫画は『近距離恋愛』。', 'よく読む雑誌は『Popteen』。好きなブランドは『OLIVE des OLIVE（オリーブ・デ・オリーブ）』', 'モーニング娘の事を調べる為に、一日中パソコンの前に居たほど。そのため、ブラインドタッチが結構得意。ちなみに現在も、メンバー全員のブログを読んでいるとか。', '好きな数字は、「14」。理由は、大好きな石川梨華の「石」（いし＝14）だから。倉持「気持ち悪い。ゾッとするわ」', '好きなスポーツはサッカー。ボウリング。卓球。ボウリングは番組でやった時、プロの人に褒められたので調子に乗って好きになった。', '好きな言葉は、「マイペース、ポジティブ」。', '好きな男性のタイプは、ピンクの似合う人。「料理ができないので、料理ができる、作ってくれる人がいいな」精神年齢が大人な人。', '好きな男性のファッションは、「シンプルな服！\u3000スーツベストとか好きですね」', '好きな香りは、柑橘系。', 'もし結婚するなら、「精神年齢が大人な人。もともと私って根が暗いので、ワーッと騒ぐ人についていけないんですよ（苦笑）。落ち着いた人で、願わくば料理ができる人。あとはアイドル好きな人もいいな。っていうかアイドル好きの私を受け入れてくれる人がいい。一緒にライブに行ってくれる人もいいな」'], 'negative_description': ['短所は、人見知り。思い切りの無いところ。', '嫌いな食べ物は、ニンジンと牛乳。白いご飯が苦手。', 'ブログは基本的に事後報告で、仕事が終わった後に更新する事が多い。ブログを更新するのが嫌いな訳ではなく、ブログが無くなったら困る。柏木が仕事の途中でブログを書かないのは、スタジオに携帯電話を持ち込めないタイプだから。仕事第一人間。'], 'other_description': ['性格は、マイペース。頑固。適当。面倒くさがり屋。', '「私は平和主義なので、みんなが穏やかに仲良くできるといいなとは思ってますけど…。実際はけっこう自由です。自分のことは自分でやるし、他人にはあまり干渉しないかも」。個人主義？\u3000「それはあると思います。キャプテンになってからはチームを見るようにはなりましたけど、引っ張っていくというよりは、「私もやるからみんなもやろうね」みたいな」。', '曰く「芯が強く、へこたれない」。涙を見せた事も、旧チームBの千秋楽など数少ない。本人によると、喜怒哀楽などの感情の起伏はほとんどない。', '目標はもっと明るい人になること。「元々騒がしいタイプではないんですけど、1人だと余計静かになっちゃうんですよ。でも無理して合わせるんじゃなくて、私は私らしいペースでやっていければなあと思います」', 'チャームポイントは、人の半分ほどしかない小さな前歯。', 'ストレス発散方法は、枕を口に付けて叫ぶ。たこわさを食べる。', '柏木家では、食パン+バナナの輪切り+マヨネーズ+マーガリンの「バナマヨパン」', '基本的に動物が苦手。特にハトの事を嫌悪しており、理由は「人間が来ても逃げない」「ハトは私たちの上空を飛んでる。すごい見下ろされている」「なんかイラッとくるオーラを出している」から。そういうハトの図々しさが嫌い。飛ぶ生き物は嫌いだが、スズメぐらいならなんとか好き。', 'インドア派。スポーツは観る方。最近は野球を観ている。', '部活は吹奏楽部に所属し、トロンボーンを担当。本人はフルートをやりたかったが、顧問の先生によると身長が高かったためやらせて貰えなかった。', '普段からガニ股（談）で、コンサートを見に来た親からもガニ股ダンスを注意された。', 'クセは、笑う時に口に手を当てる。', '口癖は「えっと」と「本当ですか？」指原によると「マジ神」。', 'コレクションしているのは、「かわいいリングです。でもなくしちゃうことが多い」', '通常は標準語を話すが、母親と会話する時には、鹿児島弁に戻る。', '生まれ変わったらなりたいのは、「絶対アイドルです！」', '自宅はワンルームで、母親と二人暮らし。布団2枚敷いたら足の踏み場もないほどだが、不満はない。', '潔癖症。スタジオやプールサイドを裸足で歩けない。しかし、外やテレビ局内は裸足で歩けるなど、境界線が理解できない。本人曰く「自分の手とか足とかで床とか触るのがダメで、スタジオの床とかは公園のトイレを裸足で歩いている様な感覚」', '泳げない。', 'メールは嫌いだが、電話するのは好き。', '性格はブラックだが、部屋は真っ白。', '自他共に認める雨女。指原「昔、撮影で富士急ハイランドに行ったとき雨が降ったんですよ。そしたら柏木さんが『あ、私雨女だから』って、その時点でもの凄いテンション下がった」。米沢「この前の撮影の時も、柏木が一緒に居たら雨でした」。倉持「（ドラマの）撮影時でも彼女が出演した途端に大雨。私も撮影が繰り越したりしました…」。自らのユニット「」のデビューシングル発売記念イベント当日は、東京で1ヶ月ぶりに雨が降った。', '今まで言われて一番傷ついた言葉は、「胴長」。最初、MV撮影時にに「ゆきりんって、ダックスフントみたいだね」と言われ、胴長と思われていることが判明した。によると、メンバー全員、「柏木の胴は長い」と思っているらしい。', 'メイクした顔とスッピンが違うメンバーは？\u3000という質問に自分だと回答。ちなみにメイクには3時間かかる時もあるとか。寝起きドッキリをされスッピンを公開した事もあるが、その時は地元の友達から「あんたのスッピン酷いね」とメールで言われた。「楽屋とでメイクしていない時に見ると、まだつぼみかなって」。柏木「それガチの悪口」。佐田「柏木はメイクしていない時、そんなに変かな」片山「影が薄くなるんです。あれ居たの？みたいな」。増田「イモっぽい」', '家事全般が得意そうな顔をしているが、まったく出来ない。料理が苦手で、17歳になってはじめて鶏卵を割れるようになった。『AKBINGO！』では生卵の殻を菜箸で剥き、司会のバッドボーイズに突っ込まれた。また、洗濯もした事が無い。', 'レッスン用の靴も数年同じ物を履き続け、パカパカになっても、4回も縫って修理して使用していた。それを見兼ねたが、19歳の誕生日にとプレゼントした。大島「靴がボロボロで、オーディション当時から履き続けている物持ちがイイ？\u3000貧乏性？？\u3000の人にプレゼントすることにしました」でもまだ古い方も履いていて、貰ったのと両方使い分けている。捨てない理由は、それが履きやすいからなんだとか。', '人から「貸して」と言われて貸せなかった物を次からバッグに入れるため、中身がどんどん増えていく。', '髪フェチ。', '理想のデートは、水族館、遊園地とかベタなところ。', '結婚について。「今はまだ結婚願望は無くて。あと10年は結婚しなくてもいいな～と思ってます」', 'プロ野球では、読売ジャイアンツのファンであることを公言している。2014年のセ・リーグ優勝においては、「セ・リーグ3連覇おめでとうございます！\u3000今年からベテランの方々の新戦力も加わり、全員野球での勝利だと思っています。私もNMB48と兼任になり、新戦力としての期待をパワーに変えることがとても大変なことと実感しています。優勝という結果につながって、私も負けてられないなと思いました。そしてまた、地元鹿児島の杉内選手の今年の大活躍もとても嬉しく思っています。この後は日本一奪回目指して頑張ってください！」とコメントしている。', '']}",19910715,B型,3期,柏木由紀,164.0,かしわぎ ゆき,ゆきりん,['ワタナベエンターテインメント所属'],鹿児島県,20061209,,B,
1,"{'positive_description': ['長所は、どこでも寝られる。大人しい。マイペース（？）', '趣味は、ショッピング・ファッション雑誌・ファンタ ジーの本を読むこと・丁寧で細かい作業(手芸など)。', '特技は、クラシックバレエ・絡まったネックレスをほどく こと。(マイペースにやるの で時間はかなりかかります)。ぼ～っとすること。', '好きな食べ物は、ママのコロッケ・フルーツ・甘いスイーツ。', '好きな飲み物は、カルピス・レモンティー。', '好きな色は、あわい感じのぱーぷる。', '好きなキャラクターは、キティーちゃん、コリラックマ、カピバラさん。', '好きなアーティストは、「声が細めの女性アーティストが好きです」', '好きな男性のタイプは、好きになった人。小さい人が話しやすいかも？'], 'negative_description': ['短所は、人見知り。ねぼすけ。機械音痴。団体行動が苦手。漢字が書けない。'], 'other_description': ['性格は、のんびり屋。「ドジでマイペースで天然だと言われます。(自覚はしてません！)」「私はよく『アゴがとがってる』と言われるんですけど、性格はまったくもってとがってないんです。あと、天然だって噂もちょくちょく聞くんですけど、それはどうなんでしょうね」', '姉がいる。握手会で着る私服は、姉にファッションチェックしてもらっている。', '']}",19970605,A型,13期,北澤早紀,151.0,きたざわ さき,さっきー,,千葉県,20130824,,B,
1,"{'positive_description': ['長所は、前向きに努力できる所だと思います。ずっと笑顔。', '趣味は、音楽を聴くこと。おしゃべり。', '特技は、フルート。', '好きな言葉は、「破顔一笑」。'], 'negative_description': [], 'other_description': ['兄がいる', '短所は、人前で話しをしたりすることが少し苦手ですが、頑張って直していきたいです。負けず嫌い。', '']}",20031120,O型,ドラフト 2期,久保怜音,157.0,くぼ さとね,さとぴー,,神奈川県,20170927,,B,
1,"{'positive_description': ['長所は記憶力がいい所。2018年3月10日に行われたAKB48グループセンター試験では119点を記録。8位に入り「特別選抜」として楽曲""君は僕の風""(シングル『Teacher Teacher』に収録)に選抜メンバーとして参加した。', '趣味は、ゲーム、ネットサーフィン、映画鑑賞、愛犬と遊ぶこと、ディズニー。', 'LINEバブルというゲームが大好き。このゲームはLINEユーザー同士で得点を競うが、LINEの友達が誰もやっていないので、いつも自動的に1位になり3000コインをゲットできることに喜びを感じている。', 'ディズニーでは""シンデレラ""が1番のお気に入りだが、他にも""わんわん物語""、""レミーのおいしいレストラン""も大好き。""わんわん物語""はVHSとDVDの両方を持っている。「レミーの作ったラタトゥイユが食べたい」とのこと。', '特技は、幼稚園の頃から習っていた書道。毛筆と硬筆で六段の資格を持っている。でも普段の字は汚い。', '好きな食べ物は、クレープ。チョコチップクッキー。ポップコーン。ラーメン。つけ麺。', '使用している携帯はAndroidのSONY Xperia XZ1。1度iPhoneにしたが、ここ最近はXperiaを2台続けて使っている。画質と音質の良さを度々自慢する。あまりにXperiaが好きすぎて、自分でオリジナルCM動画を撮ったことがある。', '好きな先輩は、「みなさん大好きです！\u3000そのなかでもさん！」', '長所は、ポジティブ。人の気持ちが分かる。優しい。明るい。元気。「あと、メンバーにいつもニコニコしてるね！って言われたので、それも長所です」', '趣味は、愛犬と遊ぶこと。音楽を聴くこと。お買い物。携帯ショップに行って携帯をみること。寝ること。', '好きな色は、ピンク。水色。黄色、黄緑。白。黒。「いっぱいありすぎて、分かんないです」', '好きな食べ物は、たらこスパゲッティ。アイス。おつまみ系。辛いもの。', '好きな飲み物は、紅茶系。お茶。フルーツ系のジュース。栄養ドリンク。ヨーグルト系。', '好きなお菓子は、「じゃがりこ！ あと、梅とか、昆布とか！ さっぱりしたのが好きです」', '好きなアイスは、「全部好きです！\u3000でも王道は、バニラかな」', '好きな教科は、体育。美術。音楽。', '好きなスポーツは、軟式テニス。', '好きなキャラクターは、ディズニー系。ミニーちゃん。', '好きな映画は、ディズニー映画。ホラー映画。', '好きなブランドは、「わたしブランドあんまりわからないんですー (ノ゜ο゜)ノ← 服買いにいく場所は、 色々なところで買います♪いえあ」', '好きな匂いは、「石鹸みたいな匂い！:-)」', '好きな香水は、「香水あまりつけないんですよー(;´д`) でも、せっけんみたいなにおいが好きです( 〃▽ 〃)笑」', '好きな言葉は、「ありがとう」', '好きな数字は、8。', '好きな男性のタイプは、一途で、優しくて、一緒に居て楽しい人。', '好きな男性の服装は、「その人に似合ってればなんでもいいんです♪」', '好きな異性の仕草は、「なんだろー、 何事にも頑張ってる人！ なんか仕草っていうより、 なんか伝わってくる人がいい！笑」'], 'negative_description': ['短所は人見知り。', '短所は、泣きやすい。少しマイペース過ぎるところ。', '苦手な食べ物は、特になし。「でも焼き肉とかの脂身の部分は苦手です」', '苦手な飲み物は、ブラックコーヒー。', '苦手な教科は、「正直なところ全部苦手なんです( ノД`)←\u3000その中でも一番苦手なのは数学ですｗｗ\u3000すごく難しいです(´-ω-`)」。勉強は嫌い。'], 'other_description': ['ハピネスの由来はディズニーランドのパレード「ハピネス・イズ・ヒア」で「ハピネス」という言葉を知って。「""怖い""とか言われることが多いですが、由来はディズニーです。」', '推しサイリウム制度をAKB48の中でも早くから採用していた。推しサイリウムを決めたのはSKE48のの卒業コンサートで感動したから。ちなみに、松井玲奈のコンサートには新幹線に乗って1人で行った。「ランクインコンサートのチーム曲で、ゆかるん席だけサイリウムの色が変わらなかったのは伝説ですよね」', '最近は漢字が読めないことをよくshowroomでファンに指摘される。（「天は二物を与えず」を「てんはにものをあたえず」、お内裏様を「おうちうらさま」お歳暮を「おとしくら」物語っているを「ものがたりっている」など)', '「モカ」「ロール」という犬を飼っている。犬種はミニチュアダックスフンド。', '1人焼肉も平気。1人で焼肉に行った際、石焼ビビンバを注文し、スプーンを取ろうとして右腕に火傷を負ったことがある。', 'くしゃみに特徴があり、showroomでたびたびアイドルにあるまじき音を出してしまう。検索ワードのサジェストに「佐々木優佳里\u3000くしゃみ」が1番最初に表示されて、驚いたことがある。', '23歳になってもまだクリスマスにサンタさんが来ている。公演のトークやモバイルメールで「22歳の時からサンタさんは来なくなった」と言っていたが、23歳のクリスマスにはプレゼントがあった。「去年はサンタさん来なかったのに！」と驚いていたら妹に「去年ももらってたじゃん」とツッコまれる。ちなみに22歳の時にもらったプレゼントは電動歯ブラシ。23歳のクリスマスのshowroomでは謝罪会見を行った。', '', 'AKB48で憧れているメンバーは、。「もうとにかく可愛くて、憧れです」、。', '尊敬しているメンバーは、。。', '推しメンは、「決められないです(>_<)！」', '同期（12期生）の3人（、、）で「チームいえあ」を組んでいる。モットーは、「つも顔でるく」。頭文字をとって「いえあ」。サイード「いえあはどこにでも使える挨拶みたいなものなんです！」', '同期メンバーの第一印象は、「かれん、大人っぽい！\u3000みゆぽん、色白だなぁ！\u3000えれ、スタイルよすぎ！\u3000りか、頭良さそう！\u3000じゅり、可愛い！\u3000田野ちゃん、可愛い！\u3000とむやん、かっこいい！\u3000ひらりー、元気だなぁ！」「個性的すぎる(*^^*)笑」', '彼氏にしたいメンバーは、。', '彼女にしたいメンバーは、。', '13期の推しメンは、「ちゃんとちゃん！」', 'とには、声がに似ていると言われている。', 'AKB48に入って変わったところ。「AKBに入る前はネガティブな私だったんですけど、入ってからポジティブになりました！」', '自分の好きなところは、「自分でもわからないです(￣▽￣;)」。嫌いなところは、「自分を出しきれてないところと、マイペースなところです(>_<)\u3000他にもいっぱいありますが(>_<)」', 'よく使う言葉は、「てか」。「ちなみに話してる時はあまり使わないで す:-)\u3000メールとかだけです:-)いえあ」', '中学生時代は、テニス部に所属。「ちなみに副部長やってました( 〃▽〃)♪」', '行きたい国は、イタリア、フランス。', '握手会でのファンへのお願いごとはありますか？\u3000「マナーを守ってほしいです(*^^*)」', '']}",19950828,B型,12期,佐々木優佳里,158.0,ささき ゆかり,ゆかるん,,埼玉県,20130428,,B,
1,"{'positive_description': ['趣味は、ダンス、イラストを描くこと、アイドル鑑賞。', '特技は、ダンス、マット運動。高校はダンス部所属。', '好きなものは、アイドル、アニメ、お菓子、女の子、可愛いものと可愛い人。「可愛いっていう概念が好きです」', '得意な科目は、国語の現代文。', '好きな食べ物は、練乳系統。', '好きな色は、ピンク。', '好きな声優は、甲斐田ゆき。', 'AKB48以外で好きなアイドルは、「ハロプロさん！さん！」「ベイビーレイズさん！」', '好きな言葉は、「かわいい」', 'プリンセスで一番好きなのは、白雪姫。友達の地元でコスプリをした際、「コスプリ撮ったの〜💓(((o( ´｡›ω‹｡` )o)))千葉の田舎にこんなに発展したコスプリコーナーが出来ててびっくりしたよ😳笑それで、ずっと着てみたかった白雪姫のドレスがあったんです🍎💓だから迷わず白雪姫を選んだの(´∩ω∩`)プリンセスの中で、白雪姫が1番好きなんです+ﾟ｡(´∀｀)*｡ﾟ+だから着れて嬉しかった♡""((∩´︶`∩))""皆さんは、プリンセスで誰が1番好きですか〜？\\( ˆoˆ)/\\(ˆoˆ )/」'], 'negative_description': ['苦手な科目は、理数系。', '嫌いな食べ物は、魚以外の魚介類（エビとか貝とか）。'], 'other_description': ['視力が非常に悪く、コンタクトレンズを着用している。ある時、角膜が傷付いていたことがわかり、眼科医からコンタクトの一週間着用禁止を指示され、眼鏡を着用したこともある。', '怖いものは、虫と老い。', '犬を飼っている。', '将来の夢（野望）。「私はまずアイドルになりたくて、で、一番最終的にはアイドルをプロデュースするほうもやりたいなと思ってます」お城に住むこと。', '']}",19970213,O型,ドラフト 1期,田北香世子,157.0,たきた かよこ,かよよん,,千葉県,20140125,,B,
1,"{'positive_description': ['趣味は、音楽鑑賞。ほかのアイドルグループのビデオを見ること。', '好きな教科は、世界史。「世界史かな～好きというよりは授業が楽しいの」', '好きな食べ物は、すき焼き、焼肉、餃子、グミ。', 'お寿司はサーモンが好き。', '好きな色は、青、白、ラベンダー。', '好きなブランドは、titty&Co. jouetie。', '好きなこと言葉、心に響いた言葉は、「毎日が初日」「努力は必ず報われる」。'], 'negative_description': ['嫌いな食べ物は、ネギ、茄子。'], 'other_description': ['小学2年生から新体操をやっていたので、体の柔らかさには自信がある。', '利き手は、「お箸は左利きですが、シャーペンとかは右利きです！変わってるでしょ？」', '焼き肉のカルビが大好物。', '「マジすか学園は、私がAKBのファンだった頃からからずっと見てていつか、出演したいなぁと密かに思っていた」', '女子校に通っていたことがある。', '東京都出身だが、AKB48加入以前は毎年田舎に帰省し川で泳いでいた。', '「普段外に出ない人だから買い物する時はまとめて買うことが多いってことですよ(⌒-⌒; )」', '「最近は、簡単な器具を使った筋トレをしてるんだ」', '「安眠枕」というオーダー枕を使っている。', '握手会で初めてコスプレをした。涼風ハルヒのコスプレをした写真を投稿。', '握手会で鼻血を出してしまった。', '']}",19981112,A型,15期,谷口めぐ,159.0,たにぐち めぐ,おめぐ,,東京都,20141003,,B,
1,"{'positive_description': ['長所は、「どんな時でも楽しめる!」', '趣味は、ダンス、歌う、音楽鑑賞。', '特技は、ヒップホップダンス、泣き顔、様々なモノのイメージを顔で表現すること。', '好きな食べ物は、チョコレート。クッキー。甘いもの。お肉ならなんでも', '代名詞と言えるすき焼きについてのこだわり。「すき焼きにたまごないと、すき焼きとはいわんぞよ」「すき焼きに卵2個使う」「すき焼きに松茸は入れない」「すき焼きのしめは絶対うどん」。ただし「牛鍋」は食べたことはない。', '得意料理は、「炒めものとかかな?」「（自炊は）時間があるときに料理練習してるからできるとおもう!」', '好きなサイリウムの色は、「ピンク…と言いたいんですけど、メンバーのほとんどがピンクなので、ちょりはあえて白&黄色が好きです」「ペンライトすごくきれいだとおもうのですが、白と黄色の組み合わせが一番好きです」', '好きなアーティストは、西野カナ、HY、EXILE、YUI、奥華子。', '好きな男性のタイプは、「自分に合っているオシャレをして、積極的で何気ない優しさがある人。いっぱい愛をくれる人」。「お洒落で、やさしくて、ちよりが作った料理を美味しい!と言ってくれて、ちよりのことを一番に考えてくれる人!」', '好きな言葉は、「オンザパーフェクト!」'], 'negative_description': ['短所は、心配症。言葉をすぐ気にする。', '苦手なものは、虫。「小さな虫でも、視界に入れば飛び上がるくらいビックリします」'], 'other_description': ['性格は、負けず嫌い。「マリオカートでいつも『もう1回!』と言ってしまいます（笑）」', '水泳を習っていて、三級を持っている。', '日本舞踊も習っていた。', 'AKB48移籍後、しばらくはホテル暮らしであったが、2014年7月頃から一人暮らしを始めている。', '']}",19950512,O型,HKT48 1期,中西智代梨,160.0,なかにし ちより,ちょり,,福岡県,20140418,,B,
1,"{'positive_description': ['長所は、最後まであきらめずにやりとげること。人と話すことが好き。', '趣味は、テレビを観ること。モノマネ。', '特技は、小さい鶴を折ること。ドラム（を特技にしたくて練習中）。', '得意な教科は、数学。', '好きな食べ物は、チーズ、おかか。', '48グループで好きな曲は、『』、『』。', '好きな言葉は、「友達になろう！」。'], 'negative_description': ['短所は、A型らしくないところ。不器用な所。'], 'other_description': ['']}",20000430,A型,ドラフト 2期,樋渡結依,151.0,ひわたし ゆい,ひーわたん,,埼玉県,20160210,,B,
1,"{'positive_description': ['AKB48を好きになったきっかけの曲は「RIVER」', '公演で好きな曲は、「引っ越しました」。', '趣味は、舞台鑑賞、映画鑑賞、読書、料理、裁縫。', '好きな食べ物は、りんご。', '好きなお菓子は、クランチ入りのチョコ。', '得意な教科は、国語と社会。「社会は歴史の方が好きです」', '好きな漫画は、「銀の匙」', '好きな声優は、平野綾。「声がすきとおってて大好きです！」', ""好きなアーティストは、Mr.Children、B'z、いきものがかりなど。オーディションで歌った曲はいきものがかりの「なくもんか」""], 'negative_description': [], 'other_description': ['踊っていて一番楽しい曲は、「オネストマン」。', '怖いものは、おばけ。', '推しサイリウムの色は、「水色と白。」', '将来の夢は、声優だったが舞台を経て女優へ変更。', '']}",20000801,O型,15期,福岡聖菜,155.0,ふくおか せいな,せいちゃん,,神奈川県,20140224,,B,
1,"{'positive_description': ['長所は、「いつも元気です。お友達がたくさんいます」。友達をすぐにつくれること（明るい）。', '趣味は、小学1年生からやっていたダンス。', '特技は、絵を描くこと。自分でキャラクターを考えて描くことがすき。', '好きな食べ物は、果物、お菓子。'], 'negative_description': ['短所は、「少し人見知りをしてしまいます」。', '嫌いな食べ物は、ナスなど…。'], 'other_description': ['']}",20020203,B型,ドラフト 2期,山邊歩夢,149.0,やまべ あゆ,あゆ,,千葉県,20170927,,B,
1,"{'positive_description': ['特技は、高速指パッチン。', '趣味は、美味しいものを食べること。', '長所は、最後まで諦めないところ。', '好きな食べ物は、クリームソーダ、梅干し。', '好きな言葉は、「努力は必ず報われる」。', '好きな色は、ピンク。'], 'negative_description': ['短所は、気が弱いところ。'], 'other_description': ['アピールポイントは、風邪をひかないところ、全力の笑顔。', '']}",19971031,B型,16期,稲垣香織,156.0,いながき かおり,かおり,,岡山県,20171208,,4,
1,"{'positive_description': ['長所は、ポジティブ。深く考え過ぎない。悩み事があっても、すぐ立ち直れる所。', '趣味は、カラオケ。ダンス。テレビを観ること。', '特技は、作文。「コンクールで賞をもらった経験があります」', '好きな色は、ピンク、白、肌色。', '好きな食べ物は、お寿司。特にサーモンが好き。おつまみ、フルーツ、麺類。', '好きな物は最後に食べる派。', '好きな飲み物は、レモン味系の飲み物。', '好きなキャラクターは、パピポ、モケケ。', '好きな教科は、音楽、体育、国語、英語。勉強は好きな方。', '好きな男性のタイプは、明るい、スポーツが出来る人。'], 'negative_description': ['短所は、焦りやすいこと。「ステージに上がると平気なんですけど、始まる前はもうすごいです！\u3000見せられないのが残念です（笑）」', '苦手な食べ物は、レバー、ゴーヤ、わさび、からし。', '苦手な飲み物は、ブラックコーヒー。', '苦手な教科は、美術。'], 'other_description': ['性格は、AKB48に入ってから今までよりもっとポジティブになった。', '犬とインコを飼っている。', '握手会で話したいことは、「うーん、何でもお話したいのですが、特にアイドルの話とか犬の話とかかにゃ(*^^*)世界中のワンちゃん集まれー(^з^)-☆笑っ」', '']}",19980903,B型,12期,大森美優,161.0,おおもり みゆう,みゆぽん,,神奈川県,20130428,,4,
1,"{'positive_description': ['スポーツはやる派。「体育とか本当大好きです」「サッカーとか基本的になんでも好き」', '趣味はアニメ鑑賞。', '得意な科目は、音楽。', '好きな漫画は、「会長はメイド様!」。', '好きな香りは、フルーツ系の香り。', '好きな色は、パステルカラー。', '好きな洋服の柄は、無地か花柄とか。', '好きな歌手は、きゃりーぱみゅぱみゅ。', '好きな言葉は、「ねだるな勝ち取れ、さすればあたえられん」。'], 'negative_description': ['苦手な科目は、数学。', '料理は苦手。'], 'other_description': ['長所はいつでも全力、短所は泣き虫なところ。', '口癖は、「だからーとか、でもーとか接続詞が多い気がします」。', 'お気に入りのヘアスタイルは、とりあえずロング。「いままでの人生でショートにしたのは一回しかないですね」しかし、2016年春にショートヘアにイメージチェンジした。。', '将来の夢は、歌手。', '']}",19971107,A型,14期,岡田奈々,155.0,おかだ なな,なぁちゃん,['STU48兼任'],神奈川県,20130824,,4,STU
1,"{'positive_description': ['趣味は、歌うこと。細かいものを作ること。食べること。', '特技は、人前で話すこと。', '自分のチャームポイント、好きなところは、なし。', '好きな食べ物は、もんじゃ焼き、牛タン、マカロン。', '好きな色は、ピンク、白。'], 'negative_description': ['（北海道在住時）中学生の時の部活動は卓球部。「私が通っていた中学は全校で60人くらいしかいなくて、部活はバレー部と卓球部しかなかったんです。バレーは一度だけやったことがあって苦手だったので、結局、一度もやったことのない卓球を選びました」「2年か3年の時、全道大会に行きました。私自身は1勝くらいしかしてませんけど」'], 'other_description': ['小学校2年から中学校3年まで、小さい（ダンス）サークルに通ってダンスの練習をしていた。', '将来の夢。どんな演技をしても認められる、篠原涼子のような女優になることが目標。', '']}",19980831,B型,ドラフト 1期,川本紗矢,155.0,かわもと さや,さやや,,北海道,20140125,,4,
1,"{'positive_description': ['特技は、フラメンコ、三線。', '趣味は、食べ歩き。', '長所は、心が広い。', '好きな食べ物は、ピザ、生ハム。', '好きな言葉は、「人生山あり谷あり」。'], 'negative_description': ['短所は、時間にルーズ。'], 'other_description': ['アピールポイントは、サッカーをやっていること、大きな耳。', '']}",20010228,O型,16期,黒須遥香,160.0,くろす はるか,はーちゃん,,埼玉県,20190513,,4,
1,"{'positive_description': ['好きな色は、紫とピンクのコンビ。', '好きなサイリウムの色は、ピンク、水色。', '好きな公演曲は、「初日」。'], 'negative_description': ['嫌いな食べ物は、レバー、わさび、セロリ、ゴーヤ。'], 'other_description': ['マイブームは、音楽を聞くこと。', '']}",20000811,B型,15期,佐藤妃星,150.0,さとう きあら,きぃちゃん,,千葉県,20140224,,4,
1,"{'positive_description': ['長所は、明るいところ。', '趣味は、ハンドメイド。', '特技は、和太鼓、バドミントン。'], 'negative_description': ['短所は、楽天的なところ。'], 'other_description': ['']}",19990819,B型,ドラフト 3期,多田京加,151.0,ただ きょうか,"['きょうか', 'きょん', '多田先輩']",,福井県,20181208,,4,
1,"{'positive_description': ['好きな食べ物は、果物。*好きな教科は、体育。'], 'negative_description': [], 'other_description': ['左利き。', '将来の夢は、モデル。', '']}",20011019,B型,15期,達家真姫宝,161.7,たつや まきほ,まきちゃん,,東京都,20140224,,4,
1,"{'positive_description': ['趣味は、お菓子作り。'], 'negative_description': [], 'other_description': ['面白い日本語を学ぶ。', '中華料理検定丙級。', '']}",19961221,不明,台湾研究生,馬嘉伶,158.0,マ・チャリン,まちゃりん,,台湾,20160221,,4,
1,"{'positive_description': ['趣味は、雑誌を読むこと。', '特技は、ダンス。タップダンスを踊ること。歌。', '好きな曲は、『』', '好きな公演曲は、『夢の鐘』', '好きな食べ物は、ふ菓子。', '好きな飲み物は、カロリー0のカルピス。', '好きな色は、ピンク。', '好きなキャラクターは、スヌーピー。ダッフィー。', '好きな男性のタイプは、さりげなくリードしてくれる人。一緒に居て楽しい人。'], 'negative_description': ['短所は、汗っかき。化粧が一人でできない。'], 'other_description': ['性格は、元気で泣き虫。負けず嫌い。', '一人称は、「ゆう」', '長所は、負けず嫌い。強気で元気なところ。', '']}",19970615,O型,13期,村山彩希,155.0,むらやま ゆいり,ゆいりー,['チーム4キャプテン'],神奈川県,20130824,,4,
1,"{'positive_description': ['アピールポイントは、パフォーマンス大好き！。', '特技は、ダンス。', '趣味は、食べること、おどること。', '長所は、姿勢がいい。', '好きな食べ物は、ロールキャベツ。', '好きな言葉は、「ラッキーずっきー」。'], 'negative_description': ['短所は、人見知り。'], 'other_description': ['']}",20010920,O型,16期,山内瑞葵,160.0,やまうち みずき,ずっきー,,東京都,20171208,,4,
1,"{'positive_description': ['趣味は、ネイルアート、ダンスの練習。', '特技は、ダンス、歌。', '変顔が好き。', 'AKB48の中で一番好きな曲は、「」。', '長所は、「やるときはとことんやる」。', '好きな言葉は、「やってみなくちゃわからない」。', '好きな食べ物は、チョコレート。'], 'negative_description': ['短所は、「短気ぎみ」。', '嫌いな食べ物は、魚の皮。'], 'other_description': ['アイドルになるのが夢。', '自分の性格をひと言で言うと、「気まぐれ?（笑）」。', '']}",20010222,O型,チーム8,横山結衣,159.0,よこやま ゆい,ヨコちゃん,['チームK兼任'],青森県,20140403,,8,K
1,"{'positive_description': ['趣味は、踊ること、人間観察、人生設計。', '特技は、「自分の印象を人に覚えさせる」。のモノマネ。『』ではのモノマネも披露している。', '好きな言葉は、「思い出せよ自分の夢を…こんなことろであきらめるのか?」。', '好きな食べ物は、はるさめ、ミカン、梅干し。', 'メロンソーダが好き。', '「ななみ大好き！ 辛いの大好き！ 辛いの大好き！ ななみん」。', 'アルパカが好き。', '好きな曲は、「」'], 'negative_description': ['短所は、「意外とネガティブ」。'], 'other_description': ['長所は、「負けず嫌い」。', '自分の性格をひと言で言うと、「面倒くさい」。', '「あ！ でね！今日の体力テストでね握力が29だったの＼(◎o◎)／ びっくり。 ななみん」、「でもね、左は18だったの～右が29！！ ななみん」。', '755ではお団子ヘアスタイルの自撮りを投稿するが、学校へは髪を下ろして通っている。「きになったんだけどさにやにゃみんってさ毎日お団子してるの？ 早坂つむぎ」「写真がいつもお団子や。 ひじの」「そうなの！ それ！ 早坂つむぎ」」おだんごにきまってんじゃーん♪ ななみん」「なわけないわっ！(笑) ななみん」「ふつうにおろしで学校行ってるよ♪ ななみん」', '飛行機に乗るのが怖い。', '']}",20000119,A型,チーム8,佐藤七海,162.0,さとう ななみ,ななみん,['チーム4兼任'],岩手県,20140403,,8,4
1,"{'positive_description': ['趣味は、寝る、おしゃべり、音楽を聞く。'], 'negative_description': [], 'other_description': ['']}",20051125,AB型,チーム8,御供茉白,,みとも ましろ,まっちゃん,,山形県,20180808,,8,
1,"{'positive_description': ['趣味は、テニス。高校2年の時に、平成25年度全国高等学校総合体育大会ではシングルス2回戦進出（ベスト64）、平成25年度宮城県高等学校総合体育大会テニス大会ではシングルス準優勝・ダブルス優勝、平成25年度宮城県夏季ジュニア大会U18ではダブルス優勝、宮城県高体連テニス専門部でのポイントランキング ダブルス1位の実績を持つ。', '特技は、テニス、笑顔。', '長所は、「いつも笑顔」。', '好きな言葉は、「継続は力なり」。', '好きな食べ物は、フロランタン。トマト、牛タン。', '好きな先輩は、。', 'AKB48で好きな曲は、「」', '好きな教科は、理科系。'], 'negative_description': ['短所は、「ネガティブ」。'], 'other_description': ['自分の性格をひと言で言うと、「真面目」。', '茶道をやっている。', '']}",19961109,A型,チーム8,佐藤朱,170.5,さとう あかり,あかりん,['チームB兼任'],宮城県,20140403,,8,B
1,"{'positive_description': ['趣味は、香り物を集める、アイドルを見る、ゲーム、マンガ。', '特技は、「国産牛と輸入牛の食べ比べ（当てられる保証はないです）」。', '長所は、「チーム8が好きなところ」。', '好きな言葉は、「好き」。', '好きな食べ物は、麺類、酸っぱいもの（梅干しなど）。'], 'negative_description': ['短所は、「ドジ」。', '嫌いな食べ物は、パン。'], 'other_description': ['自分の性格をひと言で言うと、「ドジ」。', '']}",20040519,AB型,チーム8,伊藤きらら,149.0,いとう きらら,きらら,,福島県,20180429,,8,
1,"{'positive_description': ['趣味は、音楽を聴くこと、散歩をすること。文房具集め、家のカタログを見ること。', '特技は、ダンス。絵を描くこと。', '長所は、「新しい環境に順応するのが早い!（笑）」。', '好きな言葉は、「七転び八起き」。', '好きな食べ物は、きゅうりの浅漬け。', '焼肉は「私は、タン塩が好きです！ あとは、名前が分からないです べりん」。', 'コンビニで買うのは、「雑誌とキュウリ（^人^） べりん」、「確かに、いつも雑誌買ってるね！ 麟ちゃん、きゅうりコンビニにないと機嫌悪くなるよね。笑 」、「りんりん、きゅうり好きだもんね(*^^*) 」。', '「谷口めぐさん！ 谷口めぐさん！ 大好き！美しい！ べりん」、「めぐさんの画像で 写真フォルダーが いっぱい（^人^） べりん」、「めぐさんの前髪 真似したいんだけど、 全然似ない( o_o ) べりん」。'], 'negative_description': ['短所は、「「言葉足らず」って『AKIBINGO!』の手相占いで言われました」。', '嫌いな食べ物は、辛いもの。', '「和菓子は苦手です( o_o ) べりん」', '茨城出身だが納豆は、「嫌いなのではありません！ 苦手なのです！臭いを克服すれば 食べら..れ...... べりん」。'], 'other_description': ['高校では「美術と数学Bは 5でしたよ( ｀_´ )にやり べりん」。', '自分の性格をひと言で言うと、「まだまだ子供」。', '「」について、「略してはないですけど、 レッスンする時に 「汚れている人集まってー！」 って呼ばれます( OvO ) べりん。', '「踊り終わった後に無意識で 鼻を触ってしまいます 多分、鼻水出てないかなっていう 心配ゴコロから。。。( OvO ) べりん」', '朝食は、「しっかり、がっつり食べます！ 朝は やっぱり 和食が一番！ べりん」。', 'ツアーやイベントで特に美味しかったグルメは、「新潟のイベントの時、蟹をたくさん食べました！一人で、もくもくと。。。殻が山盛りになるくらい。。。 べりん」。', 'ドイツの食べ物では、「ハム！ハム！ 生ハム最高！ べりん」。', '「お父さんさんが お庭にいたナメクジ大量に 串刺しにして 「ほれ 塩かけてみろ ほれ 」 って言われてから トラウマ。 べりん」', '茨城を「いばら」と濁って発音されると正しく「いばら」と直させようとする。「「いばらぎ」と打っても 「茨城」と出てしまう この携帯電話にお説教をしたい 今日この頃。 べりん」。', '父の日は、「パパに生ハムを プレゼントしました べりん」、「麟ちゃんパパの反応は？？ 」、「親子だもん！ 喜んでくれたよ！ ひぃちゃん何を疑ってるの！！ べりん」、「いや、、生ハム、、かぁ。と思って。笑 ひゐのすけ」。', '']}",19961107,不明,チーム8,岡部麟,158.4,おかべ りん,べりん,"['チームAキャプテン', 'チームA兼任']",茨城県,20140403,,8,A
1,"{'positive_description': ['趣味は、ダンス。レシピ動画を観る。', '特技は、チアダンス、バック転。アクロバット。', '好きな言葉は、「感謝」。', '「得意な教科は学活！ あと国語(^O^)／ ひい(*･v･*)/」', '好きな食べ物は、餃子、お寿司、焼き鳥。', '「なすは、まだ苦手です。。。 でも最近は、野菜結構好きになりました！！ やっぱり歳をとると好き嫌いが少なくなるって本当なんですね（＾_＾） ひぃ坊。」', '「私は、あまりお肉を食べないんですけど、唐揚げは、好きなので鶏肉派！！！ しゃぶしゃぶとか焼肉とかは、あんまり食べないです(*_*) ひぃ坊。」', '好きなおでんは「ちくわぶ！大根！こんにゃく！！ ひゐ」', '「私は雨の中自転車乗るのすき٩( ᐛ )و笑 ひゐのすけ」', '「雨大好き！！！ 雨降ったときは休み時間いつも外見てる◡̈♥︎ ひゐ」', '「べつに化学式好きじゃないですw こんにちは あやね」「 べつに化学式好きじゃないとか言ったら化学式がかわいそうだよஇ௰இ ひぃは化学式だいすきだよ！！！ ひゐ」', '「こんにちば◡̈♥︎ 泳ぐのあんまり得意じゃないです(´･ε･｀) 蹴伸び5m。w ひい(*･v･*)/」', '「ひぃは、流れるプールが好きです☆ 流れてる方向と逆に泳ぐのが好き！ でも、1番はウォーターズライダーだな！ 日本で一番速いスピードのウォーターズライダー乗ってみたい！ ひゐ」', '野球とサッカーだと、「ひぃはねー、 もちろん野球！！ 野球観るの、大好きです（＾_＾） サッカーは、好きだけど、サッカーボール過去に5回くらい顔面に当たってるから怖いのさー(°_°)(°_°)(°_°) ひい(^O^)／」', '「みんなは絶叫マシンすき？？ ひぃはすきです(*☌ᴗ☌)｡* ひゐのすけ」', '「グレープフルーツ！ ひぃもすき！！！ ひぃは人でいうと、、 の匂いが好きです◡̈♥︎ なんか落ち着く٩( ᐛ )و ひゐのすけ」', '寝るときは、「ひぃは、仰向けで寝ます！ でも、ちょっと変で、、 普通はベットの真ん中ら辺で寝ますよね？ ひぃは、右側によって寝ます。笑 ひゐのすけ」「あ、ひぃは目を開けて寝てることが多いらしいw 麟ちゃんにはよく撮られてます笑 あ、証拠写真あります。 ひゐのすけ」「あります！ 」「、やめてください。 ひゐのすけ」「も、見たことある笑 ゆいゆい(o^^o)」「じゃあ1番マシなやつ送ります。 みなさん、よーく拡大してみてくださいね。笑 ひゐのすけ」「目開いてるのみたことある(*^^*) あれは、特技だよひぃちゃん！ 」「大丈夫！ も目 全開で 寝てるから！！ べりん」', 'AKB48で一番好きな歌は、「＊いっぱいあるんですけど、特に 《》が ひぃは好きです（＾_＾） ひい(*･v･*)/」', 'マネージャーをやるなら、「私は、野球部がいいな！ 野球観るの好きなので٩(๑⃙⃘˙ᵕ˙๑⃙⃘)۶ ゆいちゃんとかサッカー部のマネージャーやりたそう！！ ひゐのすけ」。「えーーーーーー( ^ω^ ) まずひぃゆいはマネージャーできるん？？笑 まりあ」「麻璃亜、私を馬鹿にしてるんですか(￣Д￣)ﾉ ひゐのすけ」'], 'negative_description': ['短所は、「人の話を最後まで聞かない（らしいです…）」。', '嫌いな食べ物は、ルッコラ、パクチー。', '食べられないことはないが海鮮が苦手、「帰りの飛行機で、みんな海鮮丼のお弁当だったんですけど、とひぃちゃんとは海鮮が苦手なのでぶたどんでした(・Д・)ノ笑 まりあ」、「違う違う！ 去年北海道イベントの時に私と一緒にこの海鮮丼食べたんだけどな、、 覚えてるー？？ ひぃ、海鮮あんまり食べないけどねー、これはすごくおいしかった٩( ᐛ )و ひぃ坊。」、「今日の夜ご飯は、お寿司です！ お魚苦手だからコーンをいっぱい食べてます٩( ᐛ )و それじゃあばいばい！ ひゐのすけ」'], 'other_description': ['長所は、「負けず嫌い」。', '自分の性格をひと言で言うと、「さっぱり、サバサバしている」。', '大人になったと感じる瞬間は、「うーん、、 瞬間ではないけど、大人になったなって思うことはあるよ！！！ 食べ物の好き嫌いが減ったこと！！ 昔は、ピーマンとかトマトとか苦手だったけど、いつの間にか食べられるようになってました！！ 昔より成長したなって思います！！ ひぃ(⁎˃ᴗ˂⁎)」', '「栗ごはん苦手だけど、モンブランはすきー！！！ ひゐ」', '「ひぃのマイブームは、レモンを食べることだよ٩( ᐛ )و ひゐのすけ」', 'お化け屋敷は、「絶対にムリです(*_*)(*_*)(*_*) この前、ととと遊んだときに、一緒にお化け屋敷入ったんですけど、ひぃはずっと目を閉じてました(T_T) 怖かったから、ゆいゆいのフードをずっと掴んでたら怒られました(T_T) 本当に怖いのダメです(*_*)(*_*)(*_*) ひぃ坊。」', '栃木に住んでいるが、「実は華厳の滝行ったことない！！！ 七瀬どうだった？ ひい(*･v･*)/」', '「ひぃは、今まで１度も虫歯になったことがないです！（＾_＾） ↑自慢(￣▽￣) ひい坊」', '総選挙ヤフードームが「初！福岡٩( ᐛ )و ひい(*･v･*)/」。初福岡で、「ひぃは、明太子をお土産に買いました(^O^)／ あと福岡では、と一緒に《めんたい重》を食べました（＾_＾） すごくおいしいかった◡̈♥︎ ひい坊」', '「今日も暑かったけど、学校で一日中長袖長ズボンで生活してました笑笑 夏は、エアコンも扇風機もつけない派です！ ひい(*･v･*)/」', '雨に降られてリュックがびしょ濡れになったことがある。「あ！それ 中1のときあった！！！ それで国語の教科書分厚いから1時間くらいドライヤーで乾かしてた！！！！ ひゐ」「そう(°_°) 1年間、そのしわしわの教科書で授業受けてた(T_T) ひゐ」', '「ひぃは、クロール25メートル泳ぐので精一杯(°_°)(°_°)(°_°) 平泳ぎは、全く前に進みません（＾_＾） ひぃの学校はプール年に１回なの〜( ^ω^ ) だから泳げない私からしたら、めっちゃラッキーなのですo(^_^)o ひぃ坊」', 'スポーツは「観るのは野球とバスケ！ やるのは、バドミントン！ ひゐ」', ""第2回運動会でチーム8が優勝した賞品の温泉旅行とソロ曲配信について、「温泉旅行の予定は決めてないです（＾_＾） ひいは、歌う曲、決めました！(OvO) でも、ナイショ( ^ω^ ) 楽しみにしててください∧( 'Θ' )∧ ひい(*･v･*)/」"", '車の免許をとったら、「うーん。 私はずっと喋ってそうなを隣に乗せます◡̈♥︎ ひゐのすけ」', '見たい映画はがヒロインを務める「イニシエーション・ラブ」', '']}",20011006,A型,チーム8,本田仁美,158.1,ほんだ ひとみ,ひぃちゃん,"['IZ*ONEのメンバー', 'AKB48としての活動休止中']",栃木県,20140403,,8,
1,"{'positive_description': ['趣味は、バスケットボール、料理。', '特技は、人を笑わせること。料理。', '長所は、「結果はどうであれ、まわりを明るくしようとするところ（by ）」。', '好きな言葉は、「あれ? 顔丸くなった?」。', '好きな食べ物は、餃子。', 'AKB48で好きな曲は、RUNRUNでオーデイションの時にも歌った。', '料理が好き。', '小さい頃からアイドルが好きでその頃はモーニング娘が好きで、小学生ぐらいの頃からAKB48に興味を持ち始めた。', '「パパといえば、、、、 昨日は夕ご飯を食べに行ったんだけど、家を出る直前までずーっとパパはさんの公演見てた！笑 まりあ」「麻璃亜のパパはチーム4さんの誰が好きなの〜？？( ^ω^ ) 」「誰だろう！気になる！！笑たぶん箱推し♪♪ まりあ」'], 'negative_description': ['短所は、「ネガティブ」。', '嫌いな食べ物は、生魚。', '「」でセミは食べたが虫は嫌い。「うちもこのまえ親子丼にガが入ってたからトラウマ(⌒▽⌒)虫とかまじむり(⌒▽⌒)←セミとサソリ食べたことあるやつ まりあ」、「ウソつきーー！！！ まりあ なんて自分から セミ食べにいってたじゃーーん！ 」'], 'other_description': ['自分の性格をひと言で言うと、「楽しみず」。', 'トランペットを4年やっており(2014年現在)、チーム8のイベントでも披露している。', '将来の夢は、たくさんテレビに出てキラキラしてるタレントさんになりたい。', '「たぬきも初めて見たのは動物園じゃなくて道路でした まりあ」', '癖は、「集中して何かをみてると、気づくと睨みつけてることです。笑 まりあ」', '母が栃木トヨタのイベントに出かけが手渡しする焼きそばを持ち帰った。「今ねーひぃちゃんが今日配ってた焼きそば食べてる(・ω・)ノ！！ まりあ」、「ママがひぃちゃんのイベント行ってきたらしい(・ω・)ノ笑 焼きそばおいしかった( ^ω^ ) まりあ」', '「やばい！！！！！！！！ パパから「あやか、さっほー、ゆいりー」ってだけLINEがきた！！！笑 さんとさんとさん推しってことみたい( ^ω^ )笑 まりあ」', 'アプリ「ねこあつめ」をやっている、「 最近始めたねこあつめのお家の敷地を広くしたいです♪♪ まりあ」', '「質問しまーす٩( ᐛ )و 麻璃亜は、なんで 《まり》って呼ばれるのが嫌なんですかー？？ ひゐ」「えーーーー恥ずかしいからです(￣ー￣) まりあ」「家族から「まり」って呼ばれてるんだけど、なんか改めてメンバーとかに呼ばれると恥ずかしい( ^ω^ )笑 まりあ」', '名古屋のイメージは「名古屋に初めて行った時から味噌串カツ！！ 名古屋に行くときはいつも美味しい食べ物にわくわくしてます( ^ω^ )笑 まりあ」', '']}",19970929,A型,チーム8,清水麻璃亜,158.3,しみず まりあ,まりあ,['チームB兼任'],群馬県,20140403,,8,B
1,"{'positive_description': ['趣味は、アニメや漫画を観ること。服作り、絵を描くこと。', '特技は、まつ毛につまようじを乗せられること。ピアノ、水泳、リズムゲーム。', '長所は、「プラス思考です!」。', '好きな言葉は、「プルス・ウルトラ」。', '好きな食べ物は、「生ハム！！！ 茶碗蒸し！！！！ あやね」。お寿司、いちご大福（こしあん）。', '動物が好きで、蛇やクリオネをペットにしたいと思っている。', '「海の生き物の中でシャチはダントツですきです！ 会いたかった…… あやね」。'], 'negative_description': ['短所は、「やる気がないように見られがちです…」。', '嫌いな食べ物は、トマトソーススパゲッティ、ナッツ。'], 'other_description': ['自分の性格をひと言で言うと、「マイペース、やればできる子、見た目よりサバサバしてます」。', '「多分チーム8の中なら１番泳げそう\\( ¨̮ )/ あやね」。', '「個人的に彩音ちゃんには赤ちゃんのコスプレしてもらいたいな。笑 」「絶対彩音ちゃん似合うわぁ〜(⌒▽⌒)笑 あと幼稚園児の格好とかね！！笑 ☆」「あやねちゃんには、セーラームーンの服着てほしぃ(o^^o) 」「彩寝は、幼稚園児の黄色い帽子とか絶対似合うよね！笑 」。', '']}",19971230,B型,チーム8,髙橋彩音,152.7,たかはし あやね,あやね,['チーム4兼任'],埼玉県,20140403,,8,4
1,"{'positive_description': ['趣味は、友達とカラオケに行ったり、買い物すること。ピザ屋さん巡り。', '特技は、ピアノで10年以上習っていた。ギャル店員のものまね。', '長所は、「いつもHappy、くよくよしない」。', '好きな言葉は、「なんくるないさ」。', '好きな食べ物は、ピザ。', '「小さい時にプールで泳ぐの大好きだったからスイミングスクールに通ってたんだけど、教えられるのは好きじゃなかったからやめちゃったヽ(；▽；)ノ笑 自由に遊ぶのが好き！！ ななせ☆」', '得意な教科は体育、「5教科なら、国語(漢字)かなぁ〜！ ななせ☆」', '辛い物が好き。', '「グレープフルーツとか柑橘系の匂いが好き！ あと、柔軟剤の匂いも好きかなぁ^^*/ ななせ☆」', 'AKB48で好きな曲は、「黒い天使」。「」も好き。'], 'negative_description': ['短所は、「細かいことを気にしない」。', '嫌いな食べ物は、シイタケ。', '蝸牛は苦手だが、エスカルゴは食べたことがある。「前にアメリカに行った時、とてつもなく大きいカタツムリ見てからカタツムリはちょっと苦手ヽ(；▽；)ノ笑 ななせ☆」、「それ食べられるやつじゃない？？ でかいかたつむり！ 」、「この前と、かたつむり食べた！ひい*\\(^o^)/*」、「エスカルゴ⁈笑 」、「食べたよね〜！ (*^^*)」、「あー！え〜！！！笑 ななせもレストランで食べたことある∩^ω^∩ ななせ☆」'], 'other_description': ['自分の性格をひと言で言うと、「せっかちなマイペース」。', '「卒アルは一生残るから冒険しないで普通でいいと思います( ´ー`)笑」と答える常識人。', 'ヴァイオリンを小学校の3年間クラブで担当していた（ディズニーランドで演奏したこともある）。', 'フィギュアスケートを2年ぐらい習っていた。', '「今日はと写真撮ったからみんな見て〜！！ヽ(*･ω･)ﾉ ななせ」「顔面がよく似てると言われる えりななせです（＾Ｏ＾） おだえり」「今日もとかに言われたよね！笑 なんか2人似てない！？ 同じ顔に話しかけられてるみたい！って(笑) ななせ」「ね！！！(￣▽￣) たまに自分たちでも似てるって思うもんね！！！笑 おだえり」「思うときある！！笑 背の高さも同じくらいだし！ ななせ」「それなー(⌒▽⌒) えりななせよろしくお願いします☆ おだえり」', '「千葉は落花生だけじゃないぞ〜( ´ー`)笑 ミルフィーユもあるある！！ ななせ☆」', '千葉は、「えっとねー、 遊ぶところはいっぱいある！！ 大きな成田空港がある！ 落花生が有名！！ 有名なゆるキャラクターがいる！ マザー牧場もあるよー！ ななせ☆」', '「ちょっとした自慢話しまーす！ 吉川七瀬は帰宅部だったのにクラスで女子の中で1番足が速かったです！！！ ななせ☆」', '「こんにちば( ´ー`) 七瀬のマイブームはマルゲリータピザを食べること∩^ω^∩ ななせ☆」。', '見たい映画はも出演する「イニシエーション・ラブ」と「ビリギャル」。', '']}",19980721,A型,チーム8,吉川七瀬,163.0,よしかわ ななせ,ななせ,['チームB兼任'],千葉県,20140403,,8,B
1,"{'positive_description': ['趣味は、色々なものをカメラで撮ること。一人で大きなお風呂に行くこと。', '特技は、ダンス。ブレイブボード。', '長所は、「ポジティブ」。', '好きな言葉は、「ありがとう」。', '好きな食べ物は、クレープ。「ゆいは～！ 好き嫌いがあまりないから…なんでも好きだけど… クレープとかフルーツが好きです！」。スイーツ、お肉、肉じゃが。', '好きなおでんは「♡大根と蒟蒻とちくわです〜！！ ゆいゆい」', '「♡ゆいは〜焼き芋が好きです！！ いい匂いがしてすぐ買っちゃいます( ´ ▽ ` ) 栗も好きです！ ゆいゆい」', 'チーム8で好きな曲は、「ゆいは〜！！ やっぱり全部好きだけど(*^^*)47の素敵な街へかな！！ ほかにも、本当に全て好き(o^^o) みんなは？？ ゆいゆい」', '野球とサッカーだと、「ゆいは、東京出身なんですけど… ゆいは〜 両方好きですが… どちらかというと。 サッカーです！！ でも、確かに県によって別れる気がします笑 ゆいゆい(*^^*)」', '好きな歌手は、「大原櫻子さん♡です！ ゆいは、「明日も」という曲がすきです♪( ´▽｀) ゆいゆい(*^^*)」', '「ゆいの好きな匂いは… グレープフルーツの香りとかも好き(^○^) は〜？？ ゆいゆい」', '「柔軟剤の匂いもすきぃ〜 ゆいゆい(*^^*)」'], 'negative_description': ['短所は、「優柔不断」。', '嫌いな食べ物は、ゴーヤ。パクチー。', '「ゆい雷大っ嫌い〜 だから、夏も嫌いなの。 ゆいゆい」'], 'other_description': ['自分の性格をひと言で言うと、「ポジティブ」。', '「ゆいの、マイブームは〜 ホットケーキ焼いて食べること〜(*^^*) ミニクレープとか〜♡！！ ゆいゆい」', '小学二年生からヒップホップを習っている。', '「ゆいものおかげで47都道府県を覚えることができましたぁ〜♡ ゆいゆい(*^^*)」', '「今日ね！ 社会の問題で、「1872年に群馬県に作られた最初の官営模範工場はなんですか？」っていう問題が出たの！」を思い出してちゃんと書けたよ(*^◯^*) 「富岡製糸場」って！ ゆいゆい(*^^*)」', '北海道のイメージがあると言われるが、「とーうーきーょーう！ TOKYO！！ 東京！！！ でーす笑笑 でも、よく東京ぽくないと言われます（\xa0;\xa0; ） ゆいゆい(*^^*)」', '「あぁ〜！ ゆいはね(^^;; サッカーのマネージャーやりたいよヾ(＠⌒ー⌒＠)ノ ゆいゆい(*^^*)」', 'ゴンと言う名前のダックスフントを飼っている。「ゆいも〜ゴンくんの写真のせるね〜！ ゆいゆい(*^^*)」「この子がゴンくんだよ〜 ゆいゆい(*^^*)」', '寝る時間は、「ゆいは…遅くて12時とかですね…。 レッスンとかの日はこのぐらいの時間は普通かな笑(^_^*) 普段は…10時とかです！ ゆいゆい(*^^*)」', '早寝早起きは、「ゆいは、う〜ん笑笑 得意ではないです笑笑 ゆいゆい(*^^*)」', '「昔は、怖いテレビ見たらその後寝れなかった（；＿；） 今は…寝れるようになったよ☆笑笑 とは、怖いの見た後1人で寝れる？ ゆいゆい」', '海外は、「* ハワイ行ったことあるよ〜 サイパンとか！ グアム行ったことな〜い(T ^ T) ゆいゆい(*^^*)」', '第2回大運動会の賞品のソロ曲配信について、「まだ、決まってませんが歌いたい曲はあります！笑 楽しみです（≧∇≦） ゆいゆい(*^^)」、「あと、AKB運動会のチーム8の賞品の温泉旅行に行きたいです(OvO) ゆいゆい(*^^*)」', '写メ会では、「ゆいは〜 アリスのコスプレしてみたいな〜！ それか、白雪姫(*^^*) ゆいゆい(*^^*)」', 'バイトをするなら、「保育園の先生とか〜 レジとかやってみたいです(^^;;笑笑」', 'コンビニに行くと、「ゆいは〜ゼリーとか飲み物とかたまに、お菓子を買います(OvO)♡ ゆいゆい」', '「ゆいの見たい映画は〜！ ビリギャルとか見てみたいです笑 ゆいゆい(*^^*)」', '髪を茶色に染めたい。「茶色です！！^ ^ ゆいゆい(*^^*)」', '']}",20011226,不明,チーム8,小栗有以,163.0,おぐり ゆい,ゆいゆい,['チームA兼任'],東京都,20140403,,8,A
1,"{'positive_description': ['趣味は、ギターを弾くこと、歌うこと。ぼーつっとすること。', '特技は、歌うこと、書道。言葉を作ること。', '「私はなんと！！！ 意外と絵を描くことが好きなんです！！！！！ 実は中学生の頃美術部で、油絵とかもしてましたよ〜(￣▽￣) おだえり」。', '「側転が得意でごめんなさい おだえりな」。', '長所は、「よく笑う」。', '好きな言葉は、「背水の陣」。', '好きな食べ物は、ラーメン。'], 'negative_description': ['短所は、「ネガティブ」。', '嫌いな食べ物は、卵、あんこ。'], 'other_description': ['「およげませ〜ん 息継ぎの仕方がわからなくて！！！！ だから中学生の時息継ぎしないでずっとクロールしてたら普通に25m泳げちゃったよ！ おだえり」。', '自分の性格をひと言で言うと、「ポジティブに見せかけたネガティブ」。', '「いつか、私がつくった「ミラーボール」っていうチーム8のシークレットソング、、、披露できたらいいなぁ！！！センターはセクシーなあの人！ばいば〜ゐ☆ おだえり」。', '「今日はえりえりと写真撮ったからみんな見て〜！！ヽ(*･ω･)ﾉ 」「顔面がよく似てると言われる えりななせです（＾Ｏ＾） おだえり」「今日もとかに言われたよね！笑 なんか2人似てない！？ 同じ顔に話しかけられてるみたい！って(笑) ななせ」「ね！！！(￣▽￣) たまに自分たちでも似てるって思うもんね！！！笑 おだえり」「思うときある！！笑 背の高さも同じくらいだし！ ななせ」「それなー(⌒▽⌒) えりななせよろしくお願いします☆ おだえり」', '']}",19970425,A型,チーム8,小田えりな,165.0,おだ えりな,おだえり,['チームK兼任'],神奈川県,20140403,,8,K
1,"{'positive_description': ['趣味は、お菓子作り、スイーツを食べること。温泉巡り、コスメ集め。', '特技は、ピアノ、フィギュアスケート、変顔。', '長所は、「明るくて誰とでも仲良くなれる」。', '好きな言葉は、「継続は力なり」。', '好きな食べ物は、グレープフルーツ、スルメイカ。', 'AKB48で好きな曲は、「」、「これを聴くと、元気がでて やる気が出るんです(*ﾉε｀ )σ ひだあや♪」', '「実は… 変わってると言われるんですけど、雨のにおいが好きなのです！笑 雨の日は、家の中で愛犬モコとじゃれ合ってます⊂((・x・))⊃ ひだあや」「ね！！ わかってくれてよかった( ´ ▽ ` )ﾉ 雨以外と好きかも！ 学校の授業中に、雨降ってくると なんか嬉しくなる。！笑 ひだあや」「みんな、ありがとう♡ じゃあ、またね〜( ´ ▽ ` )ﾉ ばいばい ちなみに、 雨の後の水たまりに車が通った時は、びしょぬれになるのが楽しい！ ひだあや」', '「個人的にはね、梅雨の雨のにおいが好きなんだよね〜〜… わかる人いるかな？笑 」「はーい！！ いきなりきちゃった〜〜笑 雨のにおい大好きすぎる！ わかるよ、しおりん ひだあや」「分かってくれるか！！ いいよね、うん！ The 梅雨！ってかんじ！ しおり」「なんか、あのにおいハマってしまう、、 ひだあや」「しおりんと雨についてゆっくりと語ろうかね〜笑 ひだあや」'], 'negative_description': ['短所は、「心配性」。', '嫌いな食べ物は、ハンバーグの横っちょにあるニンジン。'], 'other_description': ['ピアノは10年以上習っておりイベントで弾いたこともある。', '自分の性格をひと言で言うと、「変わってる」。', 'モコというミニチュアダックスフンドを飼っている。', 'ジェットコースターが苦手。「あやかは絶叫マシン苦手なの！(◎_◎;)笑 でも、絶叫マシン巡りをすれば 好きになりそうだね！！ ひだあや」', '「マイブームは、 お風呂の入浴剤を集めることかなぁ〜！ ひだあや」', '一日の内で落ち着くのは「やっぱりあったかいお風呂に入る時ですかね〜(^○^) あとは、愛犬のモコとじゃれあってる時です！！ ひだあや」', '寝るときは、「ん〜、 前は右向きだったけど 最近は左向き！！ さすがの左伴でしたね(o_0)笑 左伴」', '「ちょっとした心霊体験はあるけど、 本当にあった怖い話みたいなのは、体験したことないかな、、 ひだあや」「ひだあや って 結構 見えちゃうよね( °_° ) 」「霊に敏感なタイプですね、、 自分でも怖いんだ(T ^ T) ひだあや」「ど、どんな感じなんですか！？ 霊さん って べりん」「ゆい、ひだあやから沢山お話聞かせてもらった…(･_･; 」「ふわっていう感じで見える！ モヤみたいなの！ ひだあや」「怖いテレビ見た日は、 電気をつけて寝る！笑 ひだあや」', '「ひだあやたまに寝癖すっごいよね！笑 」「ねぐせはやばいね！笑 ひだあや」', '見たい映画はがヒロインを務める「イニシエーション・ラブ」。「☆イニシエーション・ラブですかね〜！今すごく見に行きたいんですよっ♪ あやかもビリギャル見て、 何回もうるうるしちゃったよ〜 ひだあや♪」', '']}",19980729,A型,チーム8,左伴彩佳,155.0,ひだりとも あやか,ひだあや,['チームK兼任'],山梨県,20140403,,8,K
1,"{'positive_description': ['趣味は、寝ること。', '特技は、卓球。', '長所は、「何事にも挑戦すること」。', '好きな言葉は、「元気もりもり」。', '好きな食べ物は、スイカ。* 趣味は友達と卓球をすること。', '出身地の方言で好きな（面白い）言葉は、「机を運ぶことを「机をつる」というので、学校のそうじの時間は、「ちょっと机つってよ～」という声があちらこちらから聞こえて面白い。」。'], 'negative_description': ['短所は、「飽きっぽいところ」。'], 'other_description': ['自分の性格をひと言で言うと、「負けず嫌い」。', 'ドライブで行きたいところは、名古屋港の周り。', 'AKB48の中であこがれる人は、「私がぜんぜん踊れないので、ダンスがうまい人にあこがれます」。', '']}",20020708,A型,チーム8,歌田初夏,157.5,うただ はつか,はっつ,['チーム4兼任'],愛知県,20160625,,8,4
1,"{'positive_description': ['趣味は、うたうコト、おどるコト。家のペットを遊ぶこと。', '特技は、トランペットを少し吹けること。', '好きな言葉は、「山のてっぺんを目指す」。', '好きな食べ物は、ニンニク。', '「体育得意だよ〜♪♪笑 ゆうか」', '元気が出る食べ物は「お母さんのご飯！！ 好きなご飯屋さんのごはん！！ でも、タルトとかも♪♪」', '好きな色は「有菜は パステルカラー！ とくに パステルカラーの紫かなー！！ でも ピンクも黄色も好き♡ ゆうな」'], 'negative_description': ['短所は、「飽き性」。', '嫌いな食べ物は、トマト、マヨネーズ。', '「数学きらい〜(￣ー￣) ゆうな」', '「服部 運動苦手かも笑 ゆうな」「んー、長距離はダメだ笑 跳び箱とかできないかも笑 ゆうな」「ゆーなは動きがスローそう(⍢)笑 。」「どーゆーことさ(￣ー￣) ゆうな」「そーゆーことさ(￣∀￣) もえり。」'], 'other_description': ['長所は、「フレンドリー、負けず嫌い」。', '自分の性格をひと言で言うと、「雑」。', '「だからー、私泳げないんです！！ 学校のプールで ごぼってなったんです！！ ゆうな」', '「高校見学行ってね、家政部の方たちが カップケーキ作ってて いい匂いだった〜♪♪ ゆうな」', '「自分で言うのもあれなんだけどさ、、、 中部中3って、、 ゆうな」「ちっちゃい子が 頭良くって 背高い子が おばかなんだね。笑 ゆうな」', '「服部は できる子だよ！！ やってもやらなくても ゆうな」「今日ね、たくさんの方に やっぱ天才じゃん！！ って言われたから♡♡ ゆうな」', 'ほしいものは「ケータイケースでしょ 浴衣でしょ 服でしょ 頭の良さでしょ 身長でしょ ダンスのうまさでしょ 歌もうまくなりたいし MCもだし 集中力もでしょ あとは…ファンの方と仲良くなれる力 ゆうな」', 'チーム8に入ってよかったことは「女の子らしさが出てきたこと！ メンバーに会えてよかった♪♪」', '私服は「スカートの方がよく着るけど、最近はパンツにはまってるよー！！ 大人っぽいから♪♪ 」', '身長は何センチメートルほしい？「180センチがベスト！ スタイルもよくしてから♪」', '元気の源は「寝ること！遊ぶこと！食べること！笑うこと！泣くこと！！」', '知らず知らずにやる癖は「絶対 ぽけーっとしちゃう。直したいT^T」', '明太子が食べられない。「同じだねー笑 有菜も食べれない笑 ゆうな」', '絶叫系遊具に「 乗れるの？笑 服部のれるはず！！ ゆうな」「コーヒーカップは 酔っちゃうからダメ(つω-｀) ゆうな」「服部 絶叫大丈夫だけど 誰かに捕まってないと 無理だよ〜。 ゆうな」', '「今日は 念願の！！ お化け屋敷に 行きました♪♪ 夏休み 初めて遊んだよ！ ゆうな」「ハットリも。 怖くて怖くてやばかった！！ 叫びまくった 2年前よりも パワーワップしてましたよ ゆうな」', '犬ここあちゃんと、猫クウちゃんを飼っている。「ここあ ちゃんも♡ ゆうな」「クウちゃんも笑笑 ゆうな」', '「昔ね、家の前に用水路があって そこでザリガニ捕まえて お母さんにエビフライして！って言った覚えある。笑 ゆうな」', '「岐阜はねー！ 五平餅と、柿と、鮎、飛騨牛 とかいろいろあるよー！ 美味しいものいーっぱい♪ ゆうな」', '「豆腐田楽 今日給食に でたよー♪♪ 肉味噌が かかってて 美味しかったー！！ 岐阜の観光地はー、 白川郷とか、岐阜城とか！ 木曽三川公園も たのしいよー！ ゆうな」', '']}",20010330,A型,チーム8,服部有菜,157.5,はっとり ゆうな,ゆうな,['チームB兼任'],岐阜県,20140727,,8,B
1,"{'positive_description': ['趣味は、音楽を聴くこと。', '特技は、ルービックキューブ（六面三分以内に完成させる）、ピアノ。', '長所は、「いつでも笑顔、好奇心旺盛」。', '好きな言葉は、「努力は必ず報われる、ありがとう」。', '好きな食べ物は、フルーツタルト。', '「（略） 木曜日の授業サイコーなの！ 好きな数学があって、 美術もあるの！！ 毎日数学でもいいくらいなんだけどね(笑) ほんとに数学だけは大好きなのー！！ はるな。」', '「月曜日は一番疲れ感じる(笑) 数学だけだよ好きなの(笑) はるな。」', '「今まで着た中でお気に入りの衣装は♪♪のピンクと黒のチェックの衣装！！ あれはものすごく可愛かった☆ まぁでも衣装はどれも可愛いからどれも大好きやー(笑) はるな。」', '元気の源は「んー元気の源は…先輩の動画とか音楽を聴く♪ もちろんTeam 8のも好きだよ☆」', '元気が出る食べ物は「それはもちろんデザートやフルーツ、アイスとかー？ 好きな食べ物を食べると元気でるよーー(≧∇≦) はるな。」', '絶叫系遊具は「pyonはOK！！ 真面目に絶叫大好き はるな。」', '「さわやか、、、行ってみたい！いつもがさわやか好きって言ってるから行きたいなぁ。 富山にも海アルゾイ！ 来週…はやいなぁ。 はるな。」'], 'negative_description': ['短所は、「悩みやすい、ネガティブ、悲観的になりやすい」。', '嫌いな食べ物は、チョコレート、辛いもの、にがいもの。', '「体育苦手かなー…。 はるな。」「でも体育、まだできる方だよ！(笑)(笑) 一番できないのはねー… なんやろかー？？わかんなーい(笑) はるな。」', '「チョコ苦手ー！ でもバレンタインの時は 食べちゃう(笑) だってみんなが一生懸命 作ってくれたんだもん。 食べたくなっちゃうの\U000feb0c︎ はるな。」', '虫や幽霊が苦手。', '「雨苦手ー！ 雪も苦手ー 晴れがいい♪♪ 快晴はちょっとあれだから晴れ！って感じ。 はるな。」', '「はるなはね人と人が接触するスポーツが苦手なんだー。 はるな。」'], 'other_description': ['自分の性格をひと言で言うと、「強気だけどガラスのハート」。', '「（略）pyonは明日、英語と美術と大好きな数学のテスト♪♪ でもね英語は苦手なの。 頑張るしかないよね。 よっしゃ！頑張ろ！ 単語とか、覚えてきます はるな。」', '「はるちゃんは駅伝部だよ 元テニス部ね！！ はるな。」', '「あつい！ 今日は委員会でしたー！ 美化委員会副委員長です！ はるな。」', '「はるな」と呼ばれると嬉しい。「んーはるなは、『はるな』 って呼ばれ慣れてないからある意味嬉しいし、照れるかも(o´艸`) ここで注意ポイント！ はるぴょんじゃなくて 『はるpyon』だよー！ まぁ呼んでくれるだけで 幸せなんですがっ(笑) はるな。」', '誰とどんなユニットをやりたい？「はるなはー やっぱと、 ♪♪をやりたいなーー でもソロで、♪Jane Doe♪ も歌いたいなー！ よし！はるなも試験勉強してくるー はるな。」', '着てみたい衣装は「さんの♪シンクロときめき♪の衣装！ 後ろのネジがすごく可愛いっ！ あと、の時に高橋みなみさんとさんが着てた東京と、大阪をモチーフにした衣装！！ 着てみたいですっ！ 」', 'カラオケで歌う曲について、「んーはるなはねー… ８歳からAKB48groupにしか興味なかったから(笑) ほーとーんど、48groupの曲だよ♪♪♪たまに、 BUMP OF CHICKENさんの曲や西野カナさんの曲も歌います！もちろん、卒業された先輩メンバーさんのソロ曲とかもー！(笑) はるな。」', 'チーム8で汗をよくかくのは「んー宮崎のかなー！ もかは代謝がいいみたい！ はるな。」', '「福岡は楽しみだけど… 明太子食べれないんだよ… 辛すぎるー(ﾉ_＜｡) はるな。」', '「ココア飲めないです。 はるな。」', '「チョコは… ビスケットとかと一緒になってるのならまぁまぁ食べれるかなー。って感じ！」', '「ドライフルーツかー…。 まだドライフルーツの美味しさに気づいてません(笑) はるな。」', '鯛焼きについて「はるなは、、、 その時その時で変わる！ 頭から食べたら頭が良くなるらしく、しっぽから食べたら足が速くなるらしいから、試験が近い時は頭から食べるし、体育大会とかスポーツテストが近いときはしっぽから食べるよーψ(´ڡ`) はるな。」', '「あのね今日走り高跳びのテストがあったんだけど なっなんと…105cmも跳べました！！！ はるなの身長の３分の２以上！！！すごいやろー(笑) はるな。」', '「おつかれーー！ ぴょんちゃんは今日、眼科に行ってきましたー(笑) そしたらね、、、 お医者さんに、｢目キレイだね｣って褒められたよー はるな。」', '「ぴょんは今日、赤ちゃん抱っこ体験兼幼児ふれあい体験をしてきたよー☆ めっちゃ楽しかったし、 めっちゃ可愛かった！！」', '「お化け屋敷はぴょんもむり！」「お化け屋敷は記憶の中で一回も入ったことない(笑) はるな。」', '「怖いテレビも絶対無理。 怖い漫画も、怖いアニメも無理無理無理無理。 むりーーーーぎゃーーー はるな。」', '「うさぎは…頑張らん！！(笑) 怖いもんは怖い。ダメ！ いやーーーーーー！ 小中学校の宿泊学習の肝試しで泣いてない試しがない(笑) はるな。」', '雨が降ると「頭とお腹が 痛くなるー(･_･、) はるな。」', '最近はまっているアプリは「教科書クイズっていうのとか、学校や勉強に関わるアプリにはまってたりします！受験生だから(笑) はるな。」', '「（略）富山弁に『なーん』っていうのがあるから！ ちなみに意味は 『違うよー』って意味！ はるな。」', ""「ぴょんの学校じゃないけど 富山県では蟹が出る学校もあるよー！(V)(*'ω'*)(V) はるな。」"", '「ハッキリいって… 魚の種類、見た目だけではわかりません（笑） 富山県民なのにー… はるな。」', ""中学生の時は学校が終わると富山湾に魚釣りに出かけることもあった。釣った魚はその日の夕食で唐揚げにして食べ、755に釣りをしている写真を載せた。「今日は…学校が早く終わったから…お魚さんを釣りに行ってました(笑) ( 'o' ∋ ))) ( 'o' ∋ ))) ( 'o' ∋ ))) はるな˙˚ ᕱ⑅ᕱ ɞ˚˙ ♡。」「小アジとー サヨリとー シマダイ！！！ アジがいっぱい釣れた！ はるな˙˚ ᕱ⑅ᕱ ɞ˚˙ ♡。」「富山の海はサイコーだよ☆彡 はるな˙˚ ᕱ⑅ᕱ ɞ˚˙ ♡。」"", '']}",20000525,A型,チーム8,橋本陽菜,150.4,はしもと はるな,はるpyon,['チームK兼任'],富山県,20140403,,8,K
1,"{'positive_description': ['趣味は、カラオケで熱唱すること。アニメ、料理。', '特技は、料理、お菓子作り。', '好きな言葉は、「笑う門には福来たる」。', '好きな食べ物は、オムライス。'], 'negative_description': ['短所は、「落ち込みが激しい」。'], 'other_description': ['長所は、「負けず嫌い」。', '自分の性格をひと言で言うと、「負けず嫌い」。', '嫌いな食べ物は、パクチー。*出身地の方言で好きな（面白い）言葉は、「あんやと（ありがとう）」。', 'ドライブで行きたいところは、「金沢のひがし茶屋街!! 昔ながらの街並みや和菓子、着付けが体験できてとっても楽しいです」。', '']}",20030129,O型,チーム8,平野ひかる,152.0,ひらの ひかる,ひか,['チーム4兼任'],石川県,20161209,,8,4
1,"{'positive_description': ['趣味は、アニメや動画を観ること。', '特技は、「歌を覚えることが早い」。', '長所は、「真面目（?）」。', '好きな言葉は、「日進月歩」。', '好きな食べ物は、ママの手料理。', '出身地の方言で好きな（面白い）言葉は、「うつかる（よりかかる）」。'], 'negative_description': ['短所は、「私服のセンスがない」。', '嫌いな食べ物は、マヨネーズ、牛乳。'], 'other_description': ['自分の性格をひと言で言うと、「なまけもの」。', 'ドライブで行きたいところは、きれいな海が見えるところ。', '']}",20011122,O型,チーム8,髙橋彩香,160.0,たかはし さやか,"['たかさや', 'さやりん']",['チーム4兼任'],長野県,20161209,,8,4
1,"{'positive_description': ['趣味は、ダンス、食べること。麻雀、「ONE PIECE」のフィギュア集め、映画を観ること。', '特技は、ダンス、モデルウォーキング。フラフープ。', '長所は、「細かいことは気にしないこと」。', '好きな言葉は、「ありがとう」。', '好きな食べ物は、マカロン、チーズ。', '自分の取扱説明書は？「そうですねぇ、なんやろ〜！？ マカロンを食べたら誰よりも元気になる！ とかかなー（笑）♡ あとは、チーム８が大好き！ です♪♪ ✿せりか✿」', '好きな色は「赤とピンク♪♪」', '「そうですねぇ、季節は ｢春｣が大好きです( ❝ົཽ艸❝ົཽ)(❝ົཽ艸❝ົཽ ) ✿芹佳✿」', '「抹茶のケーキにマカロンが乗ってるケーキがすき〜♡♡♡♡ ✿せりか✿」「たまに喫茶店とかに置いてるねん（笑）おいしーでぇ♪♪ ✿せりか✿」', '「芹佳、ホワイトチョコ大好きやねん٩(ˊᗜˋ*)و ✿芹佳✿」', '「クリームパンがすき～！！ ふわふわ〜♡♡♡ ✿芹佳✿」', '「めんたいこ美味しいやんなぁ〜♡♡♡ めんたいこ のふりかけとか大好き♡♡ ✿芹佳✿」', '「お寿司やったらサーモンがすき！ せりか」', '「おうどんやったらかすうどんが好き♡♡ ✿せりか✿」「かすうどん♪♪ 食が進むねん♪♪(*ˊૢᵕˋૢ*) ✿せりか✿」', '「きつねうどんに、天ぷらを入れるのが好きです♡♡ ✿芹佳✿」', '暇なときにすることは「せりかはねぇ～、 好きなアニメみること♪♪ ✿芹佳✿」', '「せりかはローズの香りが好き(･∀･) ✿芹佳✿」', '好きな曜日は「芹佳は、、、 金曜日です！！ 次の日がお休みだから！！ です(＊◕ᴗ◕＊) ✿芹佳✿」「月曜日はなんか朝が辛いけど、 朝ごはんの事を考えると、 起きる気になる♡♡♡ ✿芹佳✿」「そう！！朝ごはんは 大切やね～ん！！♡♡ ✿芹佳✿」', '好きな動物は「リス♡ よく似てるって言われるんですよぉ～♪♪ ✿芹佳✿」'], 'negative_description': ['短所は、「マイペースなところ」。', '嫌いな食べ物は、なすび。'], 'other_description': ['おやじギャグを言う。', '身体が柔らかい。', '自分の性格をひと言で言うと、「おとなしい」。', '「ちなみに私のニンニンネームは、 ｢car｣です♪♪笑 ✿せりか✿」', '移動中は「爆睡してるか、 みんなとお喋りしてるか、 携帯触ってまーす♡♡ ✿せりか✿ 」', '姉妹にしたいメンバーは「お姉ちゃんは、♡ 妹は、かなぁ♡ ✿せりか✿」', 'ノリのいいメンバーは「とか？ とか？ とか？ とか？ とか？ って関西メンバーやん！（笑） ✿芹佳✿」', '告白されるとしたら「なるほど！ 芹佳はさゆなと似たような感じで、帰ろうとしてるところを、引き止めて、告白がいいわぁー！ ✿芹佳✿」', '最近嬉しかったことは「いっぱいあるけど、 1つあげるなら、 大運動会でTeam８が優勝したこと！ 早く温泉いきたーい(笑) ✿芹佳✿」', '最近聞いている曲は「です♡♡ あとは、とかです♡♡ ✿芹佳✿ 」', 'チーム8でこれは一番といえるのは「せりかは、 肌の白さや！♡♡♡」「芹佳肌白いもんなー 真っ白の壁と同じ色やもんなっ！ さゆな♡♡」', 'チーム8に入ってよかったと感じる時は「そうやなぁ！ やっぱり一番は、 全国まわったり出来ることかな？ 46人の素敵メンバーにも出会えたし！！ 幸せや～♡~٩(⸝⸝⸝◕ั ௰ ◕ั⸝⸝⸝ )و ✿芹佳✿」「たしかに！ コールとかほんまに嬉しいよなぁ〜♡♡♡ 関西メンバー最高だ～！！ ✿芹佳✿」', 'レッスン終わったら「まず、大量の水を飲みまーす♪♪ ✿せりか✿」', '仕事で泊まるときの必須アイテムは「パックと、ヘットホンと、充電器！ と、携帯と財布です(≧∇≦) ✿せりか✿」', '握手会で何を話せばよいのかわかりません。「せりかは、食べ物の話をしてくれると、 嬉しいです♡ ✿せりか✿」', '関西と東京では「イントネーションが若干違うので、 イントネーションの話でよく盛り上がってます♡♡ ✿せりか✿」', '舞台をやるとしたら「せりかは、 学園系かな？ おもしそう！(*╹▽╹*) ✿芹佳✿」', 'サイリウムの色は「せりかは、赤色とピンク色が嬉しいです♪ 赤とピンクはテンションあがるでぇー♡♡ ✿せりか✿」', '「せりかはピンク一色の傘を使ってます♪♪ ✿芹佳✿」', '「芹佳、からもらった赤こんにゃく、いつ食べようか迷い中！ ✿芹佳✿」', '「カレーパン最高や～！！ ✿芹佳✿」', '「エビチリらぶー♡♡♡ パイナップル美味しい♡♡♡」', '「もんじゃ食べたい(＊◕ᴗ◕＊) おでんは、ちくわぶが もちもちで美味しいよ！ ✿芹佳✿」', 'おでんの「卵はいつも一番最後に食べる〜♡♡♡ ✿芹佳✿」', '卵かけご飯について「お〜♡♡♡ めんつゆかぁ～！ せりかは納豆とごまをTKGにかける〜♡♡♡ ✿芹佳✿」', '朝は「白いご飯とかウインナーとか〜♡♡ 卵焼きとか～♡♡ 朝ごはんらしいものたべてます♡ ✿芹佳✿」', '元気の源は「マカロンたべて寝ること♡♡ ✿芹佳✿」', '朝起きたら「せりかは顔を必死にあらう！ ✿芹佳✿」', '「雨の日はあじさいを見に行くのもいいですよ〜(*╹▽╹*) ✿芹佳✿」', '雨の日は「カラオケオススメʕ•̫͡•ʔ♬✧ チーム８の曲をいっぱい うたってくださいね～ʕ•̫͡•ʔ♬✧ ✿芹佳✿」', '「マイブームかぁ〜、 さゆなは女子してるんかぁ〜 せりかは、 最近、 カラオケに行って歌を歌うことかな～！ ✿芹佳✿」', '住みたい国は「せりかは、フランスか、 イタリアで、マカロンをいっぱい 食べながら住みたいです！！ ♡ ✿芹佳✿」', '「せりかは吹奏楽部のマネージャーとかしてみたい♡♡♡ 理由は、 いつでも綺麗な音楽が聞けそうやから（笑） ✿芹佳✿」', '部活は何をしてた？「帰宅部♡♡♡ ✿芹佳✿」', '「せりかはまだ自転車に乗れません(＾ν＾) 笑笑笑笑(*^^*) ✿芹佳✿」「みんなは自転車乗れるん〜？ 笑笑笑笑(*^^*) ✿芹佳✿」「!!!Σ(ﾟﾛﾟ!(ﾟﾍﾟ?)??? みんなすごい(＊◕ᴗ◕＊) 芹佳自転車に、 １回だけのったことあるで！ ✿芹佳✿」「コマありの自転車は何回もあるけど、コマなしは１回だけ！ なんか怖いやん（笑） ✿芹佳✿」「あと、自転車の練習してたその日が熱くて、練習を辞めたらそこからもう乗らへんくなってん！ 焼けると言う理由で…笑♡♡ ✿芹佳✿」「そうなんですよ～♡♡♡ 小さいときって、 芹佳自転車乗ったの小学校２年生くらいが初めてやったんちゃうかな！？笑笑笑笑(*^^*) （略）」「自転車持ってない(＾ν＾) あと坂道が多いし、ほとんど電車とかの移動やから、自転車は必要ないのさ〜ʕ•̫͡•ʔ♬✧ ✿芹佳✿」', '「平泳ぎしかできひん(笑) ✿芹佳✿」', '「芹佳うさぎが欲しい〜(*´ω｀*) ✿芹佳✿」', '「熱帯魚なら家にいるʕ•̫͡•ʔ♬✧ ✿芹佳✿」', '「四つ葉みつけました♡♡ ✿芹佳✿」「いいことあるかな！？♡♡♡ ✿芹佳✿」「学校いく途中、虫を踏まないように、下向いて歩いてたら 見つけてん！！ ✿芹佳✿」', '大阪のお土産は「大阪はね〜、 スイーツとかクッキーとか いっぱいあるけど、 たこ焼きかな(((o(*ﾟ▽ﾟ*)o))) ✿芹佳✿」', '大阪をアピールするなら「食べ物が美味しい！！ 街の人々が暖かい♪♪ そして、一番は、面白い！かなぁ♡♡ ✿せりか✿」', '']}",20010327,O型,チーム8,永野芹佳,157.0,ながの せりか,SERIKA,['チーム4兼任'],大阪府,20140403,,8,4
1,"{'positive_description': ['趣味は、ピアノの弾くこと、映画鑑賞。寝ること、お買い物。', '特技は、料理（トマトクリームパスタとマカロンが得意）・『クレヨンしんちゃん』のボーちゃんのまね。', '好きな言葉は、「ありがとう、笑顔」。', '好きな食べ物は、ハンバーグ、すいか。', '「なおは「たなお」！ みなさんが うちわとかでも書いてくれてはって嬉しい♡ なお」「いえーい♡ あん誰もトップリードさんも大好きです♡ たなおお気に入り♡ なお」「あん誰がすきすぎる♡ トップリードさんいてくれはったら安心する。 なお」', '「シャンプーの香りはほんますき♡ 通りすぎやはったら つい振り返ってしまう(｡･ω･｡) なお」', '「はんぺんのフライがすき(｡･ω･｡) なお」', 'うどんが大好き。「あ！こんなやじこめ？あったんやけど 返す？ 太田奈緒さん← とても今お腹がすいています。 おうどんが食べたいです。 でも夜ご飯おうどんじゃないです。どうしたらいいですか？ なお」「おうどんほんまにたべたなってきたやん！笑 なお」「きしめんもすき(｡･ω･｡) 麺が好きすぎるから 麺クラブ結成したい！ なお」'], 'negative_description': ['短所は、「ネガティブ」。', '嫌いな食べ物は、アボカド。', '「おそうめんってどうやって食べてんの？ なお」「ごめん。変な質問してもおた。笑 なお」「苦手やからたべへんという。。。笑 いつから食べてへんのかわからん なお」「味する？笑 よくわからへんのやけど え。３分の２は奈緒しぬ。 なお」「うーん。なんかあかんのよ。。(;_;) おそうめんよりおうどん♡ なお」「お蕎麦もちょいと。。 なお」', '海鮮が苦手。', '「なおちゃん動物嫌い？？ ♡♡」「優しくする前に口開けてくるからな。 なお」「嫌いじゃないけど 潔癖性みたいなとこあるから 汚いかもしれんっていう抵抗があるね。笑 ハムスターはほしい。 いや。なでかたわからんけど犬も。 なお」'], 'other_description': ['長所は、「負けず嫌い」。', '自分の性格をひと言で言うと、「わからない」。', '自分のAKB Mailの良さは「奈緒はね、 自撮りが奈緒は下手やから その分メンバーの写メがたくさん入ってるし 一日にメールたくさん送るし ちょっとだけ 秘密のことも話してるのさ♪ あとは、やっぱり奈緒の 素な部分やったり 思ったことをそのまま 話してるところを読んでもらいたいな(｡･ω･｡) なお」', ""太田奈緒に似合う色は「なおちゃんは、落ち着いた色！！ ＠ 'ェ' ＠」「なおちゃんは薄茶色！ ♡♡」「なおは白のニットのワンピースが一番似合ってた！ おおにし」「薄茶色なんかきたことないわ！笑 さゆな適当すぎな。 なお」"", '「カレーパンは甘いやつがいいな(｡･ω･｡) 朝ご飯みんな、パン派？ なお」', ""「あ。そーゆーかんじね(｡･･)笑 奈緒苦手やしＴＫＧなんかいらん！笑 なお」「なおちゃん、なんか卵食べてる イメージない！！！笑笑 ＠ 'ェ' ＠」「食べてるイメージないておかしいわ！笑 目玉焼きがすき(｡･･) そう！納豆卵で焼くのがすき！ なお」「え！？どゆことっ！？ 納豆卵で焼くっ！？ 瑠香＠ 'ェ' ＠」「!!!Σ(ﾟﾛﾟ!(ﾟﾍﾟ?)???焼くの？ 納豆やくの？ え？笑笑笑笑(*^^*) ✿✿」「そう！納豆と卵混ぜて、塩コショウとかお醤油とかいれて焼きながらまぜるの！ おいしい(｡･･) なお」「え！♡ それめっちゃおいしそう！！♡ 納豆も卵も好きな瑠香には、 もってこいや！！！(⌒▽⌒) 瑠香＠ 'ェ' ＠」「ほんまつくってあげたいよ(｡･ω･｡) 納豆すきやったら 絶対すき！！ なお」"", '「おでんは卵にかぎるぜ(`･ω･´)♡ なお」', '「おでんと白ご飯食べれへんひとや なお」「ぇ、おでんとご飯とか さいこーの組み合わせやん。 」「え。どうやって食べんの？( ﾟ_ﾟ ) ほんまわからへん。 なお」「ぇ。こんにゃく食べてご飯食べて。 はんぺん食べてご飯食べて。 ぇ？？ おおにし」「ｴｪｴｪｴｪｴｪｴｪｴｪｴｪｴｪｴ(ﾟДﾟﾉ)ﾉｴｪｴｪｴｪｴｪｴｪｴ なお、 関西人はおでんとご飯食べるって！笑 おおにし」「え。むりや。あかん。 おでんはおでんのみでたべる！笑 うそやろ！ たべへんのちゃう？？ なお」「ぇ、そんなんお腹たまらへん( ﾟ∀ ﾟ) じゃあお好み焼きとご飯は？？ おおにし」「たべへん！( ﾟ_ﾟ ) たこ焼きならご一緒に食べますね♡ なお」「Σ(ﾟдﾟ；)Σ(ﾟдﾟ；)Σ(ﾟдﾟ；) ビックリですね(*°∀°)= じゃあ今度たこ焼きとご飯 一緒にたべよー♡♡ おおにし」「一緒に食べよ♡ なお」', 'トランプのババ抜きをしている時、手元にババが来ると鼻が膨らむ。', '']}",19941205,AB型,チーム8,太田奈緒,159.6,おおた なお,"['なお', 'たなお']","['チームB兼任', 'チーム8暫定キャプテン']",京都府,20140403,,8,B
1,"{'positive_description': ['趣味は、食べること、遊ぶこと。', '特技は、ブリッジ、「よ」を連続で言うこと。2cm四方の紙で鶴を折ること。', '長所は、「大雑把」。', '好きな言葉は、「食べ放題」。', '好きな食べ物は、「お肉、お餅…うーん全部」。', '48グループで好きな曲は、の「」'], 'negative_description': ['短所は、「鈍感」。', '嫌いな食べ物は、「本当にない!」。'], 'other_description': ['自分の性格をひと言で言うと、「DONKAN」。', '']}",20001010,O型,チーム8,山本瑠香,154.7,やまもと るか,るか,['チームB兼任'],和歌山県,20140403,,8,B
1,"{'positive_description': ['趣味は、ダンスを踊ること、音楽を聴くこと。', '特技は、フラフープ。マッサージ。', '長所は、「特になし」。', '好きな言葉は、「早起きは三文の得、継続は力なり」。', '好きな食べ物は、ママが作ったオムライス。', '48グループで好きな曲は、の「波乗りかき氷」。'], 'negative_description': ['嫌いな食べ物は、トマト、プチトマト。'], 'other_description': ['短所は、「負けず嫌い」。', '自分の性格をひと言で言うと、「ネコ」。', 'アイドルオタク。', '']}",19970920,B型,チーム8,大西桃香,156.0,おおにし ももか,おおにし,['チーム4兼任'],奈良県,20140403,,8,4
1,"{'positive_description': ['趣味は、食べること。『スター・ウォーズ』を観ること、音楽を聴くこと。', '特技は、ダンス、上体起こし。', '長所は、「人を笑かすことが好き、明るい」。', '好きな言葉は、「ありがとう」。', '好きな食べ物は、にゅうめん、トマト。', '48グループで好きな曲は、「」', '好きな季節は、「誕生日が8月なんで、夏ーヽ(*´з｀*)ﾉ さゆな♡♡」', '好きな色は、「黄色大好きーヽ(*´з｀*)ﾉ さゆな♡♡」', '好きなうどんは、「きつねうどんっ！！！！！ どんどんうっどーん(o・・o)/ さゆな♡♡」', '好きなお好み焼きは、「さゆなはー広島のお好み焼きーーー(｀・∀・)ﾉｲｪ-ｲ！ 納豆入ってるやつめっちゃめちゃ美味しかったァー お腹減った(｡-∀-)ﾆﾋ♪ さゆな♡♡」', 'お寿司で好きなのは、「えっ！さゆなはマグロとえび！ さゆな」', '「さゆな国語得意やから聞いてくれてもいいで(*｀ω´*)ﾄﾞﾔｯ 笑笑笑笑(*^^*) さゆな♡♡」', '好きな動物は、「ねこちゃんヽ(*´з｀*)ﾉ さゆな♡♡」'], 'negative_description': ['短所は、「ネガティブなところ」。', '嫌いな食べ物は、特になし。', '咲友菜の取扱説明書、「その一、トマトをくれると喜びます＼(^^)／ その二、涙腺弱いので横で泣かれるのが苦手な方はあまり感動系の映画を見せないでください(´・ω・｀) 号泣します(｡-∀-)ﾆﾋ♪ などなど 濱咲友菜取り扱い説明書要チェックですよっ(//∇//)\\ さゆな♡♡」'], 'other_description': ['自分の性格をひと言で言うと、「明るい」。', '「身長は145.6でーす(´∀｀∩) さゆな♡♡」', 'AKB48の活動を始めてから今までで1番驚いたことは、「うーん(;´д｀) テレビで見ていた時もめっちゃ美人やったけど実際に会ってみると先輩たちがテレビでみてたよりもめっちゃ美人っ(^^♪ とかかなぁー(o・・o)/ さゆな♡♡」', '元気の源は、「みなさんの笑顔とご飯(*^^)v さゆな♡♡」', '握手会では、「褒めるとよろこびますよ(o´艸`) さゆな♡♡」', 'イベントで行って美味しかった食べ物は、「(;´･ω･)ｳｰﾝ･･･ さゆなはー 佐賀で食べたイカー あの光沢さ(￣+ー￣)ブラボー 最高やっ(｀･ω･´)ｼｬｷｰﾝ」', '「さゆなは猫が欲しいーーー さゆな♡♡」', '「カメかってるで！ さゆな♡♡」', 'さゆなの運動会あるある。\n', '「第一(￣+ー￣) 親子競技で子供より張り切る親がいるΣヾ(＞ω＜=) これはめっちゃあるあるやと思います笑笑(*^^*) よし！頑張るぞーって思ってたら横で自分の親が自分より気合いが入っててびっくりする♪♪ さゆな♡♡」', '「第二 歩幅がやたらと大きい人がいる。（Ｎ美。） 歩幅ちゃん笑笑(*^^*) さゆな♡♡」', '「第三 やたらと熱血な先生が｢一人はみんなのために、皆は一人のために｣といい出すo(^▽^)o さゆな♡♡」', '「第四 いつもは大人しく控えめな先生が、運動会になるとめっちゃ熱くなって、びっくりする( º_º ) さゆな♡♡」', '「第五 ハードルで、前日まで一生懸命頑張ったのに、本番出来るって、調子にのって、引っかかってこけるさゆながいる笑笑(*^^*) さゆな♡♡」', '']}",20010820,A型,チーム8,濵咲友菜,148.0,はま さゆな,はまちゃん,['チーム4兼任'],滋賀県,20140403,,8,4
1,"{'positive_description': ['趣味は、お菓子作り、双子ダンス。', '特技は、けん玉。', '好きな言葉は、「ありがとう」。', '好きな食べ物は、プリン。'], 'negative_description': ['短所は、「すぐに忘れるところ」。', '嫌いな食べ物は、ピーマン。'], 'other_description': ['長所は、「負けず嫌いなところ」。', '自分の性格をひと言で言うと、「元気」。', '']}",20031118,O型,チーム8,奥原妃奈子,151.0,おくはら ひなこ,ひーな,['チームB兼任'],島根県,20171119,,8,B
1,"{'positive_description': ['趣味は、変顔写真の撮り合い。', '特技は、作り笑顔、へんなことをする&発見すること。', '長所は、「明るいところ、悪口を言わないところ」。', '好きな言葉は、「夢は夢で終わらせんけぇ!」。', '好きな食べ物は、クリームパン。'], 'negative_description': ['短所は、「自分から謝らないところ（笑）」。', '嫌いな食べ物は、豆。'], 'other_description': ['自分の性格をひと言で言うと、「サバサバしている」。', '']}",20031009,O型,チーム8,奥本陽菜,161.0,おくもと ひなの,のんのん,['チームA兼任'],広島県,20170902,,8,A
1,"{'positive_description': ['趣味は、ダンス、お琴、音楽&映画鑑賞。', '特技は、ダンス、お琴、カエルのものまね、習字。', '長所は、「何事にもくじけないところ、メンタルが強いところ」。', '好きな言葉は、「Living proof」。', '好きな食べ物は、手羽先、リンゴ、きゅうり、タマネギ。', '趣味は、「お花の観察！\u3000 ねこちゃん！ 習字！ お琴！ いっぱいです！ \u3000\u3000みう(∩´∀`∩」', 'ダンスは、「大好きです！！ \u3000\u3000\u3000\u3000\u3000 みう」', '自信がある教科は、「私は国語です！ 漢字が特に得意です！」', '好きな衣装は、「うーん どの衣装も好きやけんなぁ でも、充電プリウスの衣装かな？ 先輩さんたちのの衣装ににとるけん（≧∇≦）」', '好きな歌は、「ギンガムチェックです」「や、安室奈美恵さんが大好きです」', 'もらって嬉しいプレゼントは、「私は、手紙ですねぇー なんだかいろいろ 詰まってるじゃないですが！そこが好きなんです★ みう★」', '好きな色は、「私、白が好きでーす」', '「お菓子はクッキーとチョコが好きでーす」', 'お菓子は何系が好き？「んー。 私は、 チョコオンリーです！(笑) \u3000\u3000\u3000\u3000\u3000\u3000\u3000みう！」', 'おでんの具で好きなのは、「えっとー 私は、がんもと、大根ですねぇー 特にがんもは中学生になって初めて食べたんです 早くから食べとけばよかったなぁー(笑) \u3000\u3000\u3000\u3000\u3000\u3000\u3000みう」', '好きな絵文字は、「(♡´ω`♡)これでーす！ かわいいでしょっ！ \u3000\u3000\u3000\u3000\u3000\u3000みう」', '夏と冬とどっちが好き？「冬は寒いし、夏は暑いけん…。 でも、とっちかてゆうと 夏かな？」', '好きな動物は、「私は～ レッサーパンダです！ \u3000\u3000\u3000\u3000\u3000\u3000\u3000\u3000みう」'], 'negative_description': ['短所は、「すぐに緊張してしまうところ」。', '「私は地理が苦手(´`:)」', '「生クリームなどが少し苦手です！」'], 'other_description': ['自分の性格をひと言で言うと、「おっとり」。', '3歳くらいから、ダンス:水泳:サッカーをやっていた。', '「パル君」と言う猫を飼っている。', '「短所→口下手(っ´ω`c) 長所→メンタルがまぁまぁ強い！！ \u3000\u3000\u3000\u3000\u3000\u3000\u3000\u3000みう」', '「短所は言葉が人事みたいなこと… 長所はポジティブ？！な、ところだと思います(*^^*)」', '自分のここは負けないものは、「私はお琴かなぁー！ あと、習字と、ダンスです」', 'これなら一番なのは、「蛙の鳴き声のマネ！？」', '勉強との両立は大変？「大変ですが… 頑張ります！」', '今までで一番つらかったレッスンは、「みんなそぉーかも！… 夏の合宿でーす！ 質問ありがとうございます！ \u3000\u3000みう！」', 'やりたいユニット曲は、「いっぱいありますねぇー (笑)(;ﾟдﾟ) ハートの独占権 やってみたいです」', 'のイメージは、「っとイメージがとても強いです！ 歌詞に山口弁が結構つかわれてるんですよぉー すいとっちゃっも、っちゃと言うところが山口弁なんです！ \u3000\u3000\u3000\u3000みう(∩´∀`∩)」', '自分のモバメのアピールポイントは、「お花を載せてる所って言われます(*^^*)」', '誰のメールをとってみたい？「とか、中国地方、四国地方はとってみたいです」', '今年のうちに叶えたいことは、「ファンの皆さんを楽しませる(*^^*)」', 'チーム8のいいところは、「みんなが仲良いところだと思います(´V`)♪」', 'ここは尊敬できる、すごいと思うメンバーは、「私はです！ いろんな面でしっかりしていてすごいなぁーって思ったからでーす みう」', 'チーム8のメンバーに最初に会ったときに一番印象に残ったのは、「くんです！」', '一日だけ他のメンバーになれるなら、「に、なってみたいです！！」', '車の免許を取ったら助手席に乗せるのは、「りら！！」', 'チーム8の妹キャラは、「とか、とかですねっ！」', '「彼女にしたいメンバー \u3000\u3000\u3000\u3000？！ 結婚したいメンバーは \u3000\u3000\u3000\u3000みんなー」', '恋人にするなら、「迷う(;^_^A でも 山田くんかなぁー みう」「うーん、山田！ あ、みうちゃんと一緒！ 。」「だねぇーー でも、 とか、とかも！ みう」', '双子の姉妹の見分け方は「私、見分け方知ってますよぉー＼(^o^)／ 教えよっかなぁ んー。 教えなーい(ﾟ◇ﾟ) (笑)\U000fe338」', 'おすすめの本は、「からくり夢時計です！！」', '完全なオフの日は、「ゆったりと本読んだりして過ごしたいです！ \u3000\u3000\u3000\u3000\u3000みう」', '最近面白かったことは、「友達との会話！！ ささいなことで笑いあってます(*^◯^*)」', '毎日欠かさずにしていることは、「顔のマッサージ！！ や、モバメです \u3000\u3000\u3000\u3000みう(∩´∀`∩) 」', '落ち込んだ時によく聴く曲は、「特にないでーす！(笑)」', 'どのくらい泳げますか？「50㍍以上はやったことないですが！ 自信ありますよぉー」', 'マネージャーやるなら、「野球部！ みう」', '三時のおやつといったら、「チョコレート？！ こんぶ？！ です！」', '好きなラーメン屋は、「たくさんありすぎで… 私が知っている限り 全部好きです！ 背脂は苦手(´`:)」', '「総選挙の会場で 博多ラーメン食べた！！ みう」', '手羽先は「大好物です！」', 'ご飯にあうおかずは、「お肉！！！！」', 'フライドポテトに「塩かけるんですか？！ (;ﾟдﾟ) 私はケチャップ派です」', 'お好み焼きは、「ゴメンねぇー 私は 大阪派です」', 'お祭りで、これは外せないという屋台は、「もちろん！ リンゴ飴ですよぉーー」', 'バンドを組むならやってみたい楽器は、「エレキギターやってみたいです」', '見たい映画は、「ビリギャル！！」', '占いは、「夢占いがいいです」', '最近はまっているのは、「ビーズの雑貨にはまってます(∩´∀`∩)」', 'フリスビーで遊んだことある？「フリスビーってなんですかぁ？！ 遊んだことないです」', '自分を動物にたとえると、「ウサギかな？ 耳が寝とるけん にとるって友達に言われた(o^^o) ゆりな」', '「あまがえるなら さわれる！ みう」', '家の近くで蛍は見えますか？「はい！ 庭に飛んでましたよー」', '東京に来て驚いたことは、「ガードレールが、山口県は黄色なので白くてビックリ行天でしたー」', '四国にどんなイメージがありますか？「四国はまた違う地域ですかねぇー 近いようで 遠いいなぁって思います！ 文化が全然違うんですよぉー でも、憧れます」', '今まで行った県で、一番想像と違った県は？「砂丘が駅から見れると 思ったから 鳥取県！！ みう」', '地元で自慢できるのは、「『山』口県ながらに、『山』がどこからでも見えること！ ガードレールが夏みかんを表した、オレンジなこと！ \u3000\u3000\u3000\u3000\u3000\u3000みう」', '面白くて日常使える方言は、「『えらいー』 つらいって言う意味です 疲れたとか＼(^o^)／」', '山口をアピールするとしたら、「私は、角島や錦帯橋！！」', '山口の名物は、「とうしろう！ 瓦そば バリそば ふぐ 夏みかん です！\u3000」', '「山口県ぜひ、きてみてくださーい お待ちしていまーす 瑠璃光寺五重の塔とか、萩の街並みは世界遺産にとうろくされています！ 来たときには、ぜひっ言ってみてください！！ \u3000\u3000\u3000みう(∩´∀`∩) 」', '山口県の「おすすめは、 萩市や、角島、サビエル記念聖堂、瑠璃光寺五重の塔などです！ せび、おこしくださーい \u3000\u3000\u3000\u3000みう(∩´∀`∩)」', '']}",20010403,A型,チーム8,下尾みう,161.4,したお みう,みう,['チームA兼任'],山口県,20140403,,8,A
1,"{'positive_description': ['趣味は、読書、アニメ鑑賞。', '特技は、バトミントン、けん玉。', '長所は、「ひとつのことに集中できるところ」。', '好きな言葉は、「大丈夫」。', '好きな食べ物は、ラーメン、手羽先、からあげ。'], 'negative_description': ['短所は、「面倒くさがりなところ」。', '嫌いな食べ物は、ピーマン。'], 'other_description': ['自分の性格をひと言で言うと、「適当な人」。', '']}",19991224,不明,チーム8,春本ゆき,156.0,はるもと ゆき,ゆき,['チームK兼任'],徳島県,20170910,,8,K
1,"{'positive_description': ['趣味は、ダンス。テレビ鑑賞（ドラマ、アニメ）、ショッピング。', '特技は、ガールズダンス。笑いのツボが浅い。', '長所は、「笑顔」。', '好きな言葉は、「大好き、ありがとう」。', '好きな食べ物は、イチゴ、チョコレート。', '戦闘系アニメが好き。', '中学の時から数学が得意。', 'うどんが大好きで 特に「かけ」の普通麺、少し甘口のダシが好き。', 'お菓子はチョコレートが特に好き。', '好きな色はピンク。', '公演曲で好きなのは「」、「」。', '「」で一番好きな歌詞は、「しあわせなこと 見つけた時は 君に分けてあげたい」。'], 'negative_description': ['短所は、「ネガティブなときとポジティブなときの差」。', '嫌いな食べ物は、トマト、梅干し。', 'トマトがとっても苦手。'], 'other_description': ['自分の性格をひと言で言うと、「優柔不断」。', '夢は、アイドル→女優さん→声優→モデル→全部', '香川県はうどん以外にも骨つき鶏がおいしいのでアピールしたい。', '東京に来て驚いたのは「やっぱり建物が高かったこと、人がよっけ（註:たくさんの意）おったこと、夜でも明るいこと まだまだよっけあった^^; 」。', '「ゆりなは結構色んな本を読む！！ 探偵ものとか、恋愛もの、感動もんとかです(^^) ゆりな」。', '']}",19990314,O型,チーム8,行天優莉奈,162.0,ぎょうてん ゆりな,ゆりな,['チーム4兼任'],香川県,20140403,,8,4
1,"{'positive_description': ['趣味は、漫画を読むこと、絵を描くこと、歌を歌う、三線（さんしん）を弾く、ヴァイオリンを弾く、アニメを見る。', '特技は、バイオリン。', '長所は、「テンションが高いことが多い」。', '好きな言葉は、「風薫る」。', '好きな食べ物は、キウイフルーツ。', 'が好きで、はやぶさが地球に帰還した後はやぶさの映画が4つ上映されたんです。１つはプラネタリウムで上映されました。なんと…!!私、はやぶさの映画全部観たんですよ！しかも！プラネタリウムで上映された映画は3回も観たんですよ！', '「歴史面白くて好きよー！かおるんば」「覚えれんけど。かおるんば。」', '好きな歴史上の人物は、「与謝野晶子さん！」', 'ダンスは、「だーーーーいすき！」', '夏と冬ではどちらが好き？「 冬！あ〜、でも夏もいい……！」', '「野球好きだけどポジションわからない！」', '好きな動物はレッサーパンダ。', '好きな色は青緑色', '好きなパンは、「ぼうしパン、メロンパン、クロワッサン！」', 'お母さんの料理で好きなのは、「 ハンバーグ！ちらし寿司！」', '好きなかき氷の味は、「いちご！」', '好きなラーメンは、「醤油ラーメン！」', 'おでんの具はこんにゃくが好き。', '使っているシャンプーは、「好きな花のオイルが入ったシャンプーだよ〜！」', 'もらって嬉しいプレゼントは、「好きなアニメのグッズ！ですかね。でも、何もらっても嬉しいですね。 かおるんば」', '東京で一番好きなところは、「秋葉原！」', '好きなアニメは、「よっしゃキターーー！ 名探偵コナン、まじっく快斗1412、四月は君の嘘、マギ、HUNTER×HUNTER、七つの大罪、妖怪ウォッチ、暗殺教室。」', '公演曲で一番好きなのは、「。です！ かおるんば」', '「47の素敵な街へ」で一番好きな歌詞は、 「日本全国の友達と笑顔の輪。 です！ かおるんば」', 'いつかやりたいユニット曲は、「『ニャーKB with ツチノコパンダ』の『アイドルはウーニャニャの件』です！妖怪ウォッチ大好き！」', '「テレビあまり見なくて……！バラエティー番組は大体好きです！」'], 'negative_description': ['短所は、「飽きっぽい」。', '嫌いな食べ物は、ナス。', '縄跳びは、「苦手…>_<…」', '「チョコが少し苦手です。」', '「なすが苦手です！」'], 'other_description': ['自分の性格をひと言で言うと、「謎」。', '愛媛なので毎日ミカンを食べている。', '毎日欠かさずにすることは、「アニソン1曲は歌いますね！歌の練習！」', '一番自信ある教科は、「ないです。どれも駄目度（原文ママ）と思います。ちなみに1番できるのは音楽です。でも私の学校3年は音楽ないです。」', '「長所。いつでもるんるんしてる。 短所。三日坊主。」', 'チーム8に入る前からダンスは、「習ってましたー！今も一応してます！ かおるんば」。', '水たまりは、「避けます！」', '「るんば、よくお腹すいた〜って言っとるイメージ！！(￣▽￣) 」「何か食べとるイメージ笑笑 」「確かにそうやな。かおるんば。」', 'チーム8メンバーと一緒にいるとテンションが高くなる。「常にテンション高いかな？かおるんば。」「るんばいっつも高いイメージ(笑) 」「あっ！8のメンバーとおる時は高いよ！かおるんば。」「るんばは、高くてついていけない。 ^o^」「るんば高すぎる！！ 疲れんの？笑 」「疲れないよー。かおるんば。」', '落ち込んだ時は、「アニソンよく聴いてる！」', '「しつこいのは誰にも負けん！ 」', '少年漫画を、「めっちゃ読む！てか、少年マンガくらいしか読みません！」', '嫌な雨を楽しむ方法は、「漫画を読んで、アニメを見て、歌を歌って、落書きをします。」', '他のチーム8メンバーに一日だけなれるとしたら、「うーん、茨城のになって絵描いて描いて描きまくりたい。」', '「テニスしてみたい。」', '異性がやっていていいなと思うスポーツは、「野球！」', '自分を動物にたとえると、「アライグマ笑」。', '星座占いは、「信じる〜！」', '「三線同好会入ってるよー。かおるんば。」', 'が経営する焼肉IWA（東京都新宿区）へ行ったことは、「あります！私の焼肉iwaで、初めて焼肉食べたんです！」', '炭酸は、「 私飲めません！」', 'シーブリーズとか使う？「使わなーい！」', '何色の浴衣が着たいかというと、「水色！」', 'おしゃれだと思う食べ物は、「パフェ、マカロン、クレープ！」', '東京に来て驚いたのは、「街にオーラがある」', 'おしゃれだと思う街は、「原宿！」', '名古屋のイメージは、「と、と、都会！きしめん！」', 'お薦めの本は、「芥川龍之介さんの杜子春です！ 」', 'AKB48に入って苦労したのは、「立ち位置が最初覚えるのに苦労しました！今は大分覚えるのがはやくなりました！」', '今までで一番つらかったのは、「 劇場公演のレッスン！ \u3000 かおるんば」', '勉強との両立は、「めっちゃ大変！」', 'チーム8に入る前に握手会や公演、コンサートに行ったことは、「ないです！」', 'カラオケで、「Perfume さんの曲は必ずと言っていいほど歌います！ かおるんば」。', '一番楽しみにしているテレビは、「アニメですかね（＾Ｏ＾☆♪テレビあんま見んけど」', '見たい映画は、「ビリギャルとシンデレラ！ 名探偵コナンもう1回見たいなー！」', '愛媛県のいいところは、「気候が温暖。柑橘の種類が豊富！柑橘の種類全国1位だよ！スキー場がある！スキーもできるし、海水浴もできる！スキーしたことないけど。」', '愛媛県のおすすめの場所は、「しまなみ海道！景色がとても綺麗ですよ！」', '愛媛のおすすめゆるキャラは、「そりゃあやっぱりバリィさんとみきゃんですよ！バリィさんはグランプリとったし、みきゃんは去年3位でした！」', '愛媛のサービスエリアでのおすすめグルメは、「海道ラーメン！しまなみ海道の近くにあるよ！」', '愛媛の美味しい食べ物は、「松山ずし！給食によく出てたの！」', '愛媛のおすすめのお土産は、「タルトと、坊っちゃん団子！ タルトにもいろいろ種類があるよ！抹茶や、栗が入ってるのとかも！ かおるんば。」', '']}",20001129,A型,チーム8,高岡薫,153.0,たかおか かおる,かおるんば,['チーム4兼任'],愛媛県,20140403,,8,4
1,"{'positive_description': ['趣味は、アイドル鑑賞、ベース、読書。', '特技は、いつでも高いテンション。', '長所は、「寝ると忘れる」。', '好きな言葉は、「おまんら、ガッツぜよ!」。', '好きな食べ物は、牛タン、アイス。'], 'negative_description': ['短所は、「涙もろい」。', '嫌いな食べ物は、納豆。'], 'other_description': ['自分の性格をひと言で言うと、「諦めが悪い」。', '']}",19990318,O型,チーム8,立仙愛理,160.0,りっせん あいり,りっせん,,高知県,20180429,,8,
1,"{'positive_description': ['趣味は、ダンス。3歳の時に1年習っていて小学4年生の頃からまた習い始めた。テレビ、映画を観ること。', '特技は、ババ抜き（トランプ）。', '長所は、「いつも笑顔なところ!」。', '好きな言葉は、「おはよう」。', '好きな食べ物は、トマト。', '「華恋の一番好きな曲は、です！ でも、華恋もなるちゃんと一緒で、全部好き！ カレン(^^)v」', '「華恋は何も飼ってないです！ちっちゃいころから犬が好きだからちっちゃくて可愛い犬飼いたーい\U000feb0f カレン(^^)v」', '好きな食べ物は、「華恋は、にっくぅー！！ カレン(^^)v」', '「お寿司大好きです！ まーぐろぉっ！ が大好きです\U000feb0f カレン(^^)v」「あっ！華恋もサーモン好きっ\U000feb0fサーモンチーズが好き！ カレン(^^)v」', 'コンビニでついつい買うのは、「華恋は、アイスが好きだから、アイスを絶対買っちゃう\U000feb0f カレン(^^)v」', '「うん！ 華恋は福岡の食べ物ならなんでも大好き\U000feb0f カレン(^^)v」'], 'negative_description': ['短所は、「飽きっぽいところ…」。', '嫌いな食べ物は、タマネギ。'], 'other_description': ['自分の性格をひと言で言うと、「キンキュッほわ～」。', '「華恋の得意な教科は、音楽です！国語も得意です！英語も好きっ！ 苦手だけど...笑 カレン(^^)v」', '九州エリアメンバーからは天然と思われている。「かれんも結構天然だぉ！ 」「あ、たしかに笑 ٩(◦`꒳´◦)۶」「確かに！ ヾ(@°▽°@)ﾉ」「九州の天然だからね爆笑 みゆゆん」「なかなかだよね笑 もえか٩(◦`꒳´◦)۶」「えー\U000feb05ほんと！？ カレン(^^)v」「天然な人は気づいてないんだよ〜♪ (^^.)」「だって、近くのものをすぐ忘れて、探すんだもん 笑笑 みゆゆん」「ぢゃあ、かれんちゃん！で決定したことで九州の天然はかれんちゃんできまりー！ 次いこー！ ﾖﾘ(^○^)」「おけおけ！ みゆゆん」', '一人で怖いテレビは、「華恋は絶対無理！ 怖くて寝れないし、トイレも行けないし、テレビもつけれなくなっちゃう！カレン(^^)v」', 'マネージャーやるなら、「華恋も野球部\U000feb04 いっぱいお手伝いとかやってみたい\U000feb0f カレン(^^)v」', '店をもてるとしたら、「お菓子やさん！ 毎日お菓子を眺めるのはいいですからねぇ～\U000feb0f カレン(^^)v」', '使う方言は、「華恋は、～やけん、とか、～と？とか、～ばい！は、よくあるかも！ カレン(^^)v」', 'モバメに載せる写メは、「華恋は、ちゃっちゃと撮って載せるタイプ～ カレン(^^)v」', '天麩羅は塩か天つゆか？「つゆぅ～～～ヽ(´▽`)/ カレン(^^)v」', '「福岡は、みなさん食べたことがあると思いますが、やっぱり明太子です！ あと、ラーメンとか、もつ鍋とか焼き鳥とかですねぇ～\U000feb0f 名所は能古島というところです(^o^) カレン(^^)v」', '']}",20020827,O型,チーム8,吉田華恋,160.4,よしだ かれん,かれん,['チームA兼任'],福岡県,20150403,,8,A
1,"{'positive_description': ['趣味は、ダンス、メンバーの写真を撮る、歌う、音楽を聴く。', '特技は、習字。', '長所は、「いつもポジティブなところ（笑）」。', '好きな言葉は、「ありがとう」。', '好きな食べ物は、ポテトとハンバーグ、イチゴ、リンゴ、パイナップル。'], 'negative_description': ['短所は、「優柔不断」。', '嫌いな食べ物は、特になし。'], 'other_description': ['自分の性格をひと言で言うと、「一見静かだけど、話してみると明るい!」。', '']}",20020403,A型,チーム8,川原美咲,153.8,かわはら みさき,みっさー,['チームB兼任'],佐賀県,20170808,,8,B
1,"{'positive_description': ['趣味は、音楽を聴くこと。', '特技は、寄り目。', '長所は、「明るい、元気」。', '好きな言葉は、「ポジティブシンキング」。', '好きな食べ物は、かけうどん。', '好きな48グループ先輩は「」、チーム8では「」', 'AKB48メンバーや卒業生の中であこがれている人は、「さんです。いつ見ても輝いてて、ずっとあこがれの存在です。（中略）前田さんが卒業されてからは、ずっと松井珠理奈さんが大好きです。見た目も大好きですが、ダンスもうまいしバラエティにも出てて、すごいと思います。もしお会いできたら、勇気を出して話しかけてみたいです」。', '好きな48グループ楽曲は「」、バラード系の曲が好き。', '出身地の方言で好きな（面白い）言葉は、「とっとってって言っとったとに、何でとっとってくれんかったと？（取っておいてって言っていたのになんで取っておいてくれなかったの？）」。'], 'negative_description': ['短所は、「ネガティブなところ」。', '嫌いな食べ物は、ひよこ豆。'], 'other_description': ['自分の性格をひと言で言うと、「明るいバカ」。', 'ドライブで行きたいところは、国内全部に行きたい。', '学校でのキャラクターは、「学校行事の歌やダンスではどちらかというと、自分から前に出て行くタイプです」。', '']}",19991228,A型,チーム8,寺田美咲,153.5,てらだ みさき,みさっきー,"['卒業予定（活動終了日未定）', 'チームK兼任']",長崎県,20160625,,8,K
1,"{'positive_description': ['趣味は、ショッピング・一輪車。', '特技は、けん玉、一輪車。ウインク。', '好きな言葉は、「為せば成る」。', '好きな食べ物は、甘いもの。', '得意な教科は、「なるは数学！ なる(^^.)」', '「得意なスポーツ… あるよ！ けん玉〜♪♪♪ なる(^^.)」', '好きな服は、「私は可愛い系とか、スポーティ系とかが好き♡ カジュアル系も〜！ なる(^^.)」', '「劇場公演は大好きです！ あの距離感がいいです☆ 公演曲は、全部好き♡ でも、特に！ やったことないけど、も好き♡ なる(^^.)」', '好きなラーメンは、「豚骨ラーメンだよ☆ 九州人だからか、みんな豚骨だね〜笑 なる(^^.)」', '好きなパンは、「もかと同じでメロンパン！ あと、クロワッサン(^^.) ちなみに今日の朝は クロワッサン！ なる(^^.)」', '好きな寿司ネタは、「なるもサーモンすき♡ なる(^^.)」「エビも美味しい☆ なる(^^.)」', '天麩羅は何つけて食べる？「塩派♡ なる(^^.)」「塩が大好き〜♪ 塩かタレかっていわれたら大体は塩で食べてるよ☆ なる(^^.)」', '好きなのは、「晴れの日♡ 雨の日でも、お買い物にいったりするよー！ なる(^^.)」「雨の日でも外に出られる私はアウトドアだ！ なる(^^.)」', '最近あった嬉しいことは、「昨日と今日に に会えたこと♡ なる(^^.)」「なる、相変わらず山田のこと大好きだね^_^ ぺな」「山田はかっこいいし、可愛いの〜♪ なるる(^^.)」', '「なるはね、その都道府県までの移動が好き♡あと、会場に着いた時☆ なる(^^.)」'], 'negative_description': ['短所は、「優柔不断」。', '嫌いな食べ物は、辛いもの、豆腐。'], 'other_description': ['長所は、「ファンの皆さんが好き、負けず嫌い」。', '自分の性格をひと言で言うと、「負けず嫌い」。', '英語は、「なるもできんよ…。。 なる(^^.)」「なる とは出来ないのレベルが違うから大丈夫だよ！ かりんヾ(@°▽°@)ﾉ」', 'AKBに入ってなかったら何の部活を？「なるはバドミントン部にはいってたかな〜♪ 仲良しの友達が入ってるからな〜(^-^.)/ ダンス部いーね☆☆☆ なる(^^.)」', '見たい公演は、「のとの公演☆ もみたい☆ なる(^^.)」', '職業体験は、「なるはパン屋さんにいったよ(*^^.*)♪ なる(^^.)」', 'マネージャーやるなら、「なるはサッカー部！ なる(^^.)」', '一人で怖いテレビは、「なるは見れない…。。 なる(^^.)」「1人は無理かな〜！ でも、今度一人で怖い映画にいこうとしてる！！ なる(^^.)」', '「1日とかでも、男の子にはなりたくなーい！ なる(^^.)」', '使ってみたい方言は、「あおもり〜♪ なる(^^.)」', 'やる気スイッチが入らないというヤジコメに対して、「私のスイッチはほくろ(^^.)とか言ってみる笑 だから、ほくろをほっぺに書いておしてみよう！笑 なる(^^.)」', '「嬉しい言葉は、褒め言葉とかかなっ☆ でも、アドバイスとかもありがたい！ なる(^^.)」', '「土曜日の劇場でツインテールしたの〜♪山田がリクエストしたからね〜♡ なる(^^.)」「でもねツインテール、違和感。。 なる(^^.)」', '「飼いたいのは犬！ なる(^^.)」', '「靴下に穴が開いたら穴ほげたっていうよー笑 なる(^^.)」', '「九州メンバーは方言すごいから伝わらんことがおおいよねー！！ なる(^^.)」', '他県のうらやましいところは、「沖縄の海は最高すぎる！！ 東北の雪もほしいね〜☆ なる(^^.)」', '東京の第一印象は、「どこでも写真とってたな〜 なる(^^.)」', '「徳島がいちばん遠くてたのしかった〜！ なる(^^.)」', '「鹿児島も宮崎も行きたい！ なるの地元の熊本の オススメ食べ物は↓ タイピーエン♡ 夏が近いからすいか♡ オススメ名所は↓ 熊本城！ 阿蘇の大自然！ 下通アーケード街も！ なる(^^.)」', '「！熊本にいきなり団子を食べに来て〜♡ なる(^^.)」', '「いーね☆動物園！ あ！実はねお披露目の熊本のステージは動植物園だったんだよ〜♪」', '']}",20001108,A型,チーム8,倉野尾成美,152.0,くらのお なるみ,なる,['チームK兼任'],熊本県,20140403,,8,K
1,"{'positive_description': ['趣味は、音楽を聴くこと。', '特技は、片手側転。', '好きな言葉は、「努力」。', '好きな食べ物は、チーズケーキ。'], 'negative_description': ['短所は、「人見知りなところ」。', '嫌いな食べ物は、ニンジン。'], 'other_description': ['長所は、「負けず嫌いなところ」。', '自分の性格をひと言で言うと、「マイペース」。', '']}",20021103,A型,チーム8,山田杏華,152.0,やまだ きょうか,きょうか,['チームK兼任'],大分県,20170320,,8,K
1,"{'positive_description': ['趣味は、音楽を聞くこと。'], 'negative_description': [], 'other_description': ['']}",20050118,O型,チーム8,藤園麗,,ふじぞの れい,れいちゃん,,鹿児島県,20181020,,8,
1,"{'positive_description': ['趣味は、ピアノ、書道。アイドル鑑賞。', '特技は、書道。', '長所は、「マイペース」。', '好きな言葉は、「大器晩成」。', '好きな食べ物は、チーズ、エビ。', '劇場公演は、「大好き、大好き、大好き♥ 楽しいって思う曲は最近だと、僕たちは戦わない！！ とても難しいけど踊ったあとの達成感が気持ちいから！」', '好きなスポーツは？「らんりーは、ドッジボールとダンスが好きだよ～！ 最近はユニットでかっこいいダンスにも挑戦したい！って思ってるよ～」', 'もしAKB48に入っていなかったら、「ダンスが好きだから、ダンス部！」', '好きな食べ物は、「ずばり、おかし、アイス、肉、魚<+))))><< ！！！」', '好きな動物は、うさぎさん。', 'ラーメンは基本的に全部好きで、特に醤油ラーメンが好き。「先月ので出張公演がある時に、と、と、らんりーで博多ラーメン食べに行ったよ～！」', '好きな寿司ネタは、「サーモン大好き！えび大好き！ お寿司はぜーんぶ大好きだよ♪」', '怖いテレビが大好き。「一人で見れるよ！」', '「はね～ 凄いメンバーのことが好きな子だよ！ メンバー愛が強いかな？？ 特に、とかとかにべどべとだよ！」'], 'negative_description': ['短所は、「面倒くさがり屋」。', '嫌いな食べ物は、キノコ類。'], 'other_description': ['自分の性格をひと言で言うと、「カメ」。', '踊るのに苦労した曲は？「今は全然簡単単！って思うけど、昔はに苦戦してました～！ 今はのダンスの振り入れをしてるんですけど、もぉーチョーぜつ難しいです！その僕たちは戦わないをキレキレにかっこよく踊ることを頑張ってます♪」', '「MCはあまり緊張しないけど、噛まないかなぁ～？とか、ちゃんといいたいこと言えるかなぁ～って思うことはある！」', '「さんの公演がみたい！ さっほーさんが観たいよぉ！！！」', '英語は得意ではない。', '学校では「りーらー」と呼ばれている。', '行ってみたい国は、フランス。「お菓子大量に食べたい！」', '麺と飯の中では、麺派。「沖縄ソバガ、オススメヨー」', 'コンビニでついつい買ってしまうのは、「お菓子、枝豆、水、ジュース、パンその他いろいろ！」', 'が経営する焼肉IWA（東京都新宿区）へは、2014年にチーム8で行ったことがあり「ちょー美味しかった～(^○^)」', '「そういえば！昨日、中野郁海いくみからメロンパンもらったぁ～ 美味しかったよ！」', 'チーム8のメンバーで彼女にするなら、「！ 横ちゃん、まじめにかわいいから(*^^*) なにが何でもよこちゃん。」', 'もし他のメンバーと入れ替われるなら、と入れ替わりたい。「なぎは、北海道に住んでて、沖縄から一番遠い所だし、日本で一番寒いから日本で一番暑い沖縄とも全然環境が違うから！ あと、なぎはチーム8でゆういつ、冠番組をもってるし、一人でロケをいろいろとやったりして、どんな気持ちなのかなー？って思うから、なぎと入れ替わってみたい！」', '「最近のマイブームは先輩の生誕Tシャツを頂くことと、少女マンガをみることと、ドラマをみることだよ！」', '最近嬉しかったことは、「らんりーは、地元での月1でレギュラー番組が決まったことです！ 念願の地元でのテレビ番組に出れることが嬉しいです( 〃▽〃)」', '初めての県での楽しみは、美味しいご飯を食べることと、その県のお土産買うこと。', '東京の第一印象は、「活けてる女子高生さんが沢山いる！って思ったよ！ 尊敬の目でみてました！！」', '「沖縄のちんすこう美味しいよ！」', '「沖縄は、人の名前を言うとき『やー』っていう！よくだんしがつかってる！」', '「少年マンガは読まないけど、少女マンガならちょー読むよ！ うーん。少女マンガだと家に200冊ぐらいあるよ～！」', '「身長は159㎝ぐらいかな？？」', '本人が思う「九州エリアのメンバーで私が一番」なところは、食べる量と、どこでも寝られること。宮里「多分りらが寝起きの悪さは一番だな」「確かに。 眠い日は、全然起きてくれないもんね(-_-)」「なるはりらを起こすことが一番だ◟̆◞̆. ♪♪」', '九州メンバーのいいところ。', '']}",20020330,O型,チーム8,宮里莉羅,163.0,みやざと りら,らんりー,['チーム4兼任'],沖縄県,20140403,,8,4
1,"{'positive_description': ['特技は、一輪車、手芸。', '趣味は、イラストを描く事、演技をする事、ショッピング、食べる事、映画鑑賞、裁縫、大河ドラマを見る事。', '長所は、嫌なことをすぐに忘れられること。', '好きな食べ物は、お寿司、焼き肉。', '好きな言葉は、「一期一会」。'], 'negative_description': ['短所は、ネガティブ。'], 'other_description': ['アピールポイントは、八重歯、二重の目。', '']}",20020906,O型,16期,本間麻衣,162.0,ほんま まい,まいちゃん,,東京都,,,4,研
1,"{'positive_description': ['趣味は、遊ぶこと、変顔、レインボールーム、ローラーシューズ。', '特技は、フルート、変顔。', '長所は、みんなを笑わせるところ。誰とでも仲良くなれる、みんなに優しい。', '好きな食べ物は、ヨーグルト。'], 'negative_description': ['短所は、うまく話せないこと。恥ずかしがりや。'], 'other_description': ['アピールポイントは、全力ダンス、長い髪の毛。', '']}",20031220,不明,16期,道枝咲,157.0,みちえだ さき,さきぽん,,神奈川県,,,A,研
1,"{'positive_description': ['長所は、明るい。運動神経がいいところ。', '趣味は、アニメを見ること。友達と話すこと。', '特技は、バドミントン。', '好きな食べ物は、イチゴ、オムライス。', '好きな言葉は、「努力は必ず報われる」。'], 'negative_description': ['短所は、人見知り。すぐ顔に出てしまうところ。', '嫌いな食べ物は、ナスビ、ピーマン。'], 'other_description': ['']}",20030821,B型,ドラフト 3期,古川夏凪,154.0,ふるかわ なづな,"['なづなん', '古川']",['第3回ドラフト会議・チームA第3巡目指名'],北海道,,,A,研
1,"{'positive_description': ['長所は、真面目、新しいことに挑戦するのがすきなこと。人の目を見て話を聞くところ。', '趣味は、音楽・ラジオを聞くこと、旅行にいくこと。映画・動画を観ること。', '特技は、「炙りカルビ」を無限に言える。', '好きな食べ物は、梅干し、アイス、フレンチトースト。'], 'negative_description': ['短所は、ものを無くすことが多い。'], 'other_description': ['']}",19990226,A型,ドラフト 3期,本田そら,154.0,ほんだ そら,そらこ,['第3回ドラフト会議・チームA第2巡目指名'],東京都,,,A,研
1,"{'positive_description': ['長所は、面白い、優しい。人の考えてることがわかる。', '趣味は、人間観察、妄想、音楽を聴くこと。', '特技は、テニス、真顔。', '好きな食べ物は、ラーメン。', '好きな言葉は、「おかだりな」。'], 'negative_description': ['短所は、人見知り。気が弱い。'], 'other_description': ['']}",19990727,A型,ドラフト 3期,岡田梨奈,161.0,おかだ りな,おかりな,['第3回ドラフト会議・チームK第5巡目指名'],埼玉県,,,K,研
1,"{'positive_description': ['長所は、人と話すことが大好きなところ、まつ毛が長いこと。決めたことはやり通す。', '趣味は、人間観察。いろんな動画を観ること。', '特技は、ロックダンス。', '好きな食べ物は、イチゴ、お肉、ゴマアイス。', '好きな言葉は、「天真爛漫」。'], 'negative_description': ['短所は、物を買う時に悩むこと。部屋の片づけが苦手。'], 'other_description': ['', '']}",20031007,O型,ドラフト 3期,小林蘭,154.0,こばやし らん,"['らんちゃん', 'らんたん']",['第3回ドラフト会議・チームK第4巡目指名'],大阪府,,,K,研
1,"{'positive_description': ['長所は、いつも笑顔なところ。優しいところ。', '趣味は、計算プリントをすること。ネコのお世話。', '特技は、暗算。そろばん、書道、バレエ。', '好きな食べ物は、エビ、ブロッコリー。', '好きな言葉は、「ありがとう!」'], 'negative_description': ['短所は、さ行が上手く言えないところ。すぐ怒る。'], 'other_description': ['']}",20051103,AB型,ドラフト 3期,末永祐月,153.0,すえなが ゆづき,ゆづちゃん,['第3回ドラフト会議・チームK第2巡目指名'],東京都,,,K,研
1,"{'positive_description': ['長所は、皆と仲良くできるところ。', '趣味は、競技かるた、茶道。お料理。', '特技は、キックボクシング、水泳。', '好きな食べ物は、チョコレート。', '好きな言葉は、「ありがとう」。'], 'negative_description': ['短所は、マイペース。', '嫌いな食べ物は、ナス。'], 'other_description': ['']}",20040322,O型,ドラフト 3期,永野恵,154.0,ながの めぐみ,めぐみん,['第3回ドラフト会議・チームK第6巡目指名'],神奈川県,,,K,研
1,"{'positive_description': ['長所は、一度決めたらやり通す。', '趣味は、ファッション、ゲーム。', '特技は、水泳、。'], 'negative_description': ['短所は、マイペース。'], 'other_description': ['']}",19990627,不明,ドラフト 3期,大竹ひとみ,155.0,おおたけ ひとみ,"['とっぱちゃん', 'おおたけ']",['第3回ドラフト会議・チームB第4巡目指名'],東京都,,,B,研
1,"{'positive_description': ['長所は、相手に気を遣った言動ができる。物事を客観的に見ることができる。', '趣味は、アコースティックギター。読書。', '特技は、（お手玉を回しながら）円周率を暗唱。', '好きな食べ物は、野菜全般。', '好きな言葉は、「かわいい、嬉しい」。'], 'negative_description': ['短所は、人見知り。自信がない。', '嫌いな食べ物は、お肉。'], 'other_description': ['']}",20040524,A型,ドラフト 3期,齋藤陽菜,153.0,さいとう はるな,はーたん,['第3回ドラフト会議・チームB第1巡目指名'],栃木県,,,B,研
1,"{'positive_description': ['長所は、やると決めたことは最後までやるところ。', '趣味は、舞台観劇。', '特技は、クラリネット。'], 'negative_description': ['短所は、人見知り。'], 'other_description': ['']}",20020222,O型,ドラフト 3期,石綿星南,146.0,いしわた せな,せなたん,['第3回ドラフト会議・チーム4第1巡目指名'],神奈川県,,,4,研
1,"{'positive_description': ['長所は、切り替えが早い。', '趣味は、食べること。', '特技は、バトン。'], 'negative_description': ['短所は、少し優柔不断。'], 'other_description': ['']}",20010521,不明,ドラフト 3期,蔵本美結,160.0,くらもと みゆう,"['くらら', 'みゆう']",['第3回ドラフト会議・チーム4第4巡目指名'],埼玉県,,,4,研
1,"{'positive_description': ['長所は、やると決めたら諦めないところ。', '趣味は、テレビを見ること、一人ショッピング。', '特技は、ドラム、。'], 'negative_description': ['短所は、緊張しやすい。'], 'other_description': ['']}",19991229,A型,ドラフト 3期,吉橋柚花,152.0,よしはし ゆずか,ゆず,['第3回ドラフト会議・チーム4第2巡目指名'],千葉県,,,4,研
